version,pair,route_key,start_label,end_label,direction,route_type,route_rank,success,message,distance_m,distance_km,total_cost,n_path_nodes,expanded_nodes,runtime_sec,mean_distance_to_main_m,duplicated_from_main,duplicated_from_previous_main,used_full_map_retry,safe_fallback,main_avoid_previous_radius_m,backup_corridor_m,backup_mean_offset_m,backup_min_offset_m,backup_separation_violation_pct,backup_separation_ok,backup_max_offset_m,parallel_buffer_ok,parallel_min_clearance_m,parallel_n_narrow_segments,parallel_n_crossings,parallel_crossing_locations,parallel_final_lambda,parallel_iterations,distance_diff_m,flz_buffer_ok,flz_buffer_min_distance_m,flz_buffer_via,tn_buffer_ok,tn_buffer_min_distance_m,tn_buffer_matched_role,tn_buffer_via,n_waypoints_before_turn_reduction,n_waypoints_after_turn_reduction,max_turn_angle_deg_before,max_turn_angle_deg_after,mean_turn_angle_deg_before,mean_turn_angle_deg_after,turn_reduction_applied,cross_pair_overlap_ok,cross_pair_overlap_percent,cross_pair_overlap_nodes,lock_mode,locked_overlap_nodes,locked_overlap_checked_nodes,locked_overlap_percent,mean_flz_support,mean_emergency_risk,mean_other_terminal_avoidance,mean_traffic_penalty_factor,route_file
v1_corridor,DB01_to_DB02,forward_main_01,DB01,DB02,forward,main,1,True,Path found. [safe fallback attempted],4245.584412271572,4.245584412271572,1166.9246088195175,71,4130,3.6256039142608643,,,False,False,True,,,,,,,,,,,,,,,,True,0.0,,True,0.0,major,,71,71,59.03624346792648,53.13010235415599,39.39418785114084,27.02397298960808,True,,,,,0,0,0.0,0.619017768470123,0.38098223152987726,0.12814963090038273,1.1025197047203061,output/05_master_corridor_theta/route_nodes/DB01_to_DB02_forward_main_01.csv
v1_corridor,DB01_to_DB02,forward_backup_01,DB01,DB02,forward,backup,1,True,"Path found. [safe fallback attempted] Soft buffer: 3 narrow sample(s), 4 crossing(s), min clearance 35.2 m (target 50 m).",4479.898987322333,4.479898987322333,1598.6627500502598,79,1012,1.076253890991211,110.1617318105444,False,False,False,True,,,119.92040678705432,,,,250.0,False,35.24514051724418,3.0,4.0,"(504,2646);(511,2639);(518,2632);(525,2625)",57.6650390625,9.0,234.31457505076105,,,,,,,,79,79,,,,,False,,,,,0,0,0.0,0.6056874107889947,0.3943125892110054,0.11229197831851732,1.089833582654814,output/05_master_corridor_theta/route_nodes/DB01_to_DB02_forward_backup_01.csv
v1_corridor,DB01_to_DB02,backward_main_01,DB02,DB01,backward,main,1,True,Path found. [safe fallback attempted],5309.188309203679,5.3091883092036785,1392.3244055345608,96,4311,3.7112224102020264,,,False,False,True,50.0,,,,,,,,,,,,,,,True,158.11388300841898,,True,70.71067811865476,major,,96,96,90.0,81.86989764584402,51.984693840687534,41.80822799757536,True,,,,strict_lock,0,74,0.0,0.5619122463872039,0.43808775361279606,0.1239656645646288,1.0991725316517031,output/05_master_corridor_theta/route_nodes/DB01_to_DB02_backward_main_01.csv
v1_corridor,DB01_to_DB02,backward_backup_01,DB02,DB01,backward,backup,1,True,"Path found. [safe fallback attempted] Soft buffer: 3 narrow sample(s), 6 crossing(s), min clearance 35.3 m (target 50 m).",4538.477631085023,4.538477631085023,1430.0935653665056,81,1175,1.1945855617523193,131.13028323789982,False,False,False,True,,,134.22691324849276,,,,250.0,False,35.25611960651748,3.0,6.0,"(526,3924);(540,3910);(554,3896);(569,3881);(576,3874);(590,3860)",57.6650390625,8.0,-936.3961030678929,,,,,,,,81,81,,,,,False,,,,,0,0,0.0,0.5864624445266979,0.41353755547330207,0.1136559039188017,1.0909247231350412,output/05_master_corridor_theta/route_nodes/DB01_to_DB02_backward_backup_01.csv
v1_corridor,DB01_to_DK01,forward_main_01,DB01,DK01,forward,main,1,True,Path found. [safe fallback attempted],4717.766952966369,4.717766952966369,1673.9219782292525,85,4800,3.238365888595581,,,False,False,True,,,,,,,,,,,,,,,,True,450.0,,True,70.71067811865476,major,,85,85,80.53767779197437,54.46232220802562,54.0,47.576211617191504,True,,,,,0,0,0.0,0.440628660603445,0.5593713393965549,0.11307908228534091,1.0904632658282727,output/05_master_corridor_theta/route_nodes/DB01_to_DK01_forward_main_01.csv
v1_corridor,DB01_to_DK01,forward_backup_01,DB01,DK01,forward,backup,1,True,"Path found. [safe fallback attempted] Soft buffer: 3 narrow sample(s), 6 crossing(s), min clearance 35.3 m (target 50 m).",4542.031021678298,4.542031021678298,2121.283000692317,79,1162,0.9456675052642822,101.24973682165795,False,False,False,True,,,95.2437114579387,,,,250.0,False,35.305158888770514,3.0,6.0,"(590,3860);(582,3868);(575,3875);(568,3882);(554,3896);(512,3938)",57.6650390625,7.0,-175.7359312880708,,,,,,,,79,79,,,,,False,,,,,0,0,0.0,0.4978503834300103,0.5021496165699897,0.14106941859195296,1.1128555348735625,output/05_master_corridor_theta/route_nodes/DB01_to_DK01_forward_backup_01.csv
v1_corridor,DB01_to_DK01,backward_main_01,DK01,DB01,backward,main,1,True,Path found. [safe fallback attempted],4924.873734152917,4.924873734152917,2808.0909669834045,85,4155,2.8375463485717773,,,False,False,True,200.0,,,,,,,,,,,,,,,True,250.0,,True,0.0,major,,85,85,90.0,53.13010235415599,38.8495638618245,25.090054065265893,True,,,,strict_lock,0,67,0.0,0.4822152149383951,0.517784785061605,0.27307468031676146,1.2184597442534093,output/05_master_corridor_theta/route_nodes/DB01_to_DK01_backward_main_01.csv
v1_corridor,DB01_to_DK01,backward_backup_01,DK01,DB01,backward,backup,1,True,"Path found. [safe fallback attempted] Soft buffer: 14 narrow sample(s), 1 crossing(s), min clearance 2.8 m (target 50 m).",5242.031021678298,5.242031021678298,4687.029187175086,93,1774,1.3459999561309814,45.31412432659243,False,False,False,True,,,60.00362728961925,,,,111.80339887498948,False,2.763296869190981,14.0,1.0,"(2099,2649)",57.6650390625,9.0,275.7359312880717,,,,,,,,93,93,,,,,False,,,,,0,0,0.0,0.4791608372167247,0.5208391627832752,0.2691951034341807,1.2153560827473446,output/05_master_corridor_theta/route_nodes/DB01_to_DK01_backward_backup_01.csv
v1_corridor,DB01_to_DK02,forward_main_01,DB01,DK02,forward,main,1,True,Path found. [safe fallback attempted],5799.137802864845,5.799137802864845,1475.0813951731398,100,6088,5.257622241973877,,,False,False,True,,,,,,,,,,,,,,,,True,0.0,,True,0.0,major,,100,100,63.43494882292201,63.43494882292201,36.20801181143936,28.020841361904466,True,,,,,0,0,0.0,0.6329095949917148,0.36709040500828516,0.15843703574034027,1.126749628592272,output/05_master_corridor_theta/route_nodes/DB01_to_DK02_forward_main_01.csv
v1_corridor,DB01_to_DK02,forward_backup_01,DB01,DK02,forward,backup,1,True,"Path found. [safe fallback attempted] Soft buffer: 6 narrow sample(s), 2 crossing(s), min clearance 35.3 m (target 50 m).",6369.8484809835,6.3698484809835,2375.8536144519912,111,1584,1.5283093452453613,88.6652971798548,False,False,False,True,,,89.26444154288379,,,,223.60679774997897,False,35.33957184964665,6.0,2.0,"(505,2645);(526,2624)",57.6650390625,10.0,570.7106781186549,,,,,,,,111,111,,,,,False,,,,,0,0,0.0,0.6183394373141897,0.3816605626858104,0.14666342502634386,1.1173307400210752,output/05_master_corridor_theta/route_nodes/DB01_to_DK02_forward_backup_01.csv
v1_corridor,DB01_to_DK02,backward_main_01,DK02,DB01,backward,main,1,True,Path found. [safe fallback attempted],3528.4271247461907,3.5284271247461905,1610.8609332603328,55,4634,3.5251336097717285,,,False,False,True,200.0,,,,,,,,,,,,,,,True,141.4213562373095,,True,0.0,major,,69,55,90.0,68.19859051364818,47.052842520834865,19.466099815403332,True,,,,strict_lock,0,26,0.0,0.7267785369503538,0.27322146304964634,0.05437687914979114,1.043501503319833,output/05_master_corridor_theta/route_nodes/DB01_to_DK02_backward_main_01.csv
v1_corridor,DB01_to_DK02,backward_backup_01,DK02,DB01,backward,backup,1,True,Path found. [safe fallback attempted],3974.8737341529163,3.9748737341529163,2001.2853944230003,66,1027,0.9124183654785156,98.64362638361649,False,False,False,True,,,67.617298481772,,,,200.0,True,50.0,0.0,0.0,,11.390625,11.0,-46.44660940672702,,,,,,,,66,66,,,,,False,,,,,0,0,0.0,0.685346548434249,0.31465345156575086,0.032385450661306235,1.0259083605290449,output/05_master_corridor_theta/route_nodes/DB01_to_DK02_backward_backup_01.csv
v1_corridor,DB01_to_DK03,forward_main_01,DB01,DK03,forward,main,1,True,Path found. [safe fallback attempted],3155.6349186104053,3.155634918610405,986.2860615741179,55,2699,2.4265573024749756,,,False,False,True,,,,,,,,,,,,,,,,True,0.0,,True,0.0,major,,55,55,45.0,45.0,34.92054579381047,27.80485622212625,True,,,,,0,0,0.0,0.657063852596962,0.34293614740303807,0.07444811582244201,1.0595584926579535,output/05_master_corridor_theta/route_nodes/DB01_to_DK03_forward_main_01.csv
v1_corridor,DB01_to_DK03,forward_backup_01,DB01,DK03,forward,backup,1,True,"Path found. [safe fallback attempted] Soft buffer: 3 narrow sample(s), 2 crossing(s), min clearance 35.2 m (target 50 m).",3655.634918610405,3.6556349186104047,1295.8041833312006,65,757,0.8808939456939697,94.1056612431862,False,False,False,True,,,105.83753739047218,,,,223.60679774997897,False,35.20882424994397,3.0,2.0,"(504,2646);(525,2625)",57.6650390625,9.0,499.99999999999955,,,,,,,,65,65,,,,,False,,,,,0,0,0.0,0.6066392622643269,0.39336073773567326,0.04871040077000778,1.0389683206160065,output/05_master_corridor_theta/route_nodes/DB01_to_DK03_forward_backup_01.csv
v1_corridor,DB01_to_DK03,backward_main_01,DK03,DB01,backward,main,1,True,Path found. [safe fallback attempted],5504.163056034262,5.504163056034262,1520.8695177680456,97,3198,2.819671392440796,,,False,False,True,200.0,,,,,,,,,,,,,,,True,158.11388300841898,,True,0.0,major,,97,97,96.34019174590992,96.34019174590992,47.25,35.35320843618201,True,,,,strict_lock,0,73,0.0,0.5013155120772104,0.4986844879227897,0.129034722568725,1.10322777805498,output/05_master_corridor_theta/route_nodes/DB01_to_DK03_backward_main_01.csv
v1_corridor,DB01_to_DK03,backward_backup_01,DK03,DB01,backward,backup,1,True,"Path found. [safe fallback attempted] Soft buffer: 0 narrow sample(s), 1 crossing(s), min clearance 50.0 m (target 50 m).",4904.163056034262,4.904163056034262,2062.3697136386068,85,1264,1.2638204097747803,110.19603298007436,False,False,False,True,,,114.34615056075702,,,,250.0,False,50.0,0.0,1.0,"(1096,4046)",57.6650390625,13.0,-600.0,,,,,,,,85,85,,,,,False,,,,,0,0,0.0,0.5437914278505698,0.4562085721494302,0.19094205043098775,1.1527536403447898,output/05_master_corridor_theta/route_nodes/DB01_to_DK03_backward_backup_01.csv
v1_corridor,DB01_to_DK04,forward_main_01,DB01,DK04,forward,main,1,True,Route forced through FLZ buffer via FLZ01.,2743.5028842544407,2.7435028842544407,911.009221239161,48,2027,1.7032737731933594,,,False,False,True,,,,,,,,,,,,,,,,True,0.0,FLZ01,True,0.0,major,,51,48,63.43494882292201,56.309932474020194,43.10753555839487,31.862960005523153,True,,,,,0,0,0.0,0.7019180655127708,0.298081934487229,,,output/05_master_corridor_theta/route_nodes/DB01_to_DK04_forward_main_01.csv
v1_corridor,DB01_to_DK04,forward_backup_01,DB01,DK04,forward,backup,1,True,"Path found. [safe fallback attempted] Soft buffer: 13 narrow sample(s), 8 crossing(s), min clearance 35.0 m (target 50 m).",1889.9494936611666,1.8899494936611665,845.5993621514044,33,577,0.5689544677734375,116.71962542904838,False,False,False,True,,,86.55931838241949,,,,223.60679774997897,False,35.033064558306485,13.0,8.0,"(595,3245);(574,3224);(792,2542);(813,2613);(820,2620);(850,2738);(877,2777);(891,2791)",57.6650390625,7.0,-941.4213562373095,,,,,,,,33,33,,,,,False,,,,,0,0,0.0,0.5710690056489864,0.4289309943510136,0.0006553516999739216,1.000524281359979,output/05_master_corridor_theta/route_nodes/DB01_to_DK04_forward_backup_01.csv
v1_corridor,DB01_to_DK04,backward_main_01,DK04,DB01,backward,main,1,True,Path found. [safe fallback attempted],3443.5028842544407,3.443502884254441,1062.5546751126055,62,2558,1.9130654335021973,,,False,False,True,150.0,,,,,,,,,,,,,,,True,316.22776601683796,,True,0.0,major,,62,62,56.30993247402022,49.63546342690267,44.307409478968694,36.81818181818182,True,,,,strict_lock,0,45,0.0,0.5122277930230572,0.4877722069769429,0.0003340069171106501,1.0002672055336885,output/05_master_corridor_theta/route_nodes/DB01_to_DK04_backward_main_01.csv
v1_corridor,DB01_to_DK04,backward_backup_01,DK04,DB01,backward,backup,1,True,"Path found. [safe fallback attempted] Soft buffer: 2 narrow sample(s), 2 crossing(s), min clearance 35.2 m (target 50 m).",2719.238815542512,2.719238815542512,1250.7878493081314,50,769,0.6878612041473389,133.087851126284,False,False,False,True,,,129.09280968163276,,,,250.0,False,35.155593207073686,2.0,2.0,"(1490,2960);(1475,2975)",57.6650390625,14.0,-724.2640687119288,,,,,,,,50,50,,,,,False,,,,,0,0,0.0,0.4999434833572235,0.5000565166427764,0.0001870973567450084,1.000149677885396,output/05_master_corridor_theta/route_nodes/DB01_to_DK04_backward_backup_01.csv
v1_corridor,DB01_to_DK05,forward_main_01,DB01,DK05,forward,main,1,True,Route forced through FLZ buffer via FLZ03.,5552.6911934581185,5.552691193458118,2012.389427940385,93,6646,5.955083131790161,,,False,False,True,,,,,,,,,,,,,,,,True,0.0,FLZ03,True,0.0,major,,96,93,135.0,59.03624346792648,41.28383321584719,26.18147699404618,True,,,,,0,0,0.0,0.4439258870307026,0.5560741129692973,,,output/05_master_corridor_theta/route_nodes/DB01_to_DK05_forward_main_01.csv
v1_corridor,DB01_to_DK05,forward_backup_01,DB01,DK05,forward,backup,1,True,"Path found. [safe fallback attempted] Soft buffer: 26 narrow sample(s), 10 crossing(s), min clearance 0.0 m (target 50 m).",5733.452377915607,5.733452377915607,3704.736168912666,102,1861,1.7944111824035645,85.55570088121964,False,False,False,True,,,83.28225762073966,,,,250.0,False,0.0,26.0,10.0,"(3652,4000);(3662,4000);(3672,4000);(3682,4000);(3692,4000);(3702,4000);(3712,4000);(3722,4000);(3732,4000);(3742,4000)",57.6650390625,7.0,10.050506338832747,,,,,,,,102,102,,,,,False,,,,,0,0,0.0,0.3746941377595564,0.6253058622404435,0.018012558366497164,1.0144100466931976,output/05_master_corridor_theta/route_nodes/DB01_to_DK05_forward_backup_01.csv
v1_corridor,DB01_to_DK05,backward_main_01,DK05,DB01,backward,main,1,True,Path found. [safe fallback attempted],7966.904755831214,7.966904755831214,2436.2766313315146,133,6763,5.699127197265625,,,False,False,True,200.0,,,,,,,,,,,,,,,True,0.0,,True,0.0,major,,133,133,90.0,90.0,39.52698510449016,32.47070911400573,True,,,,strict_lock,0,93,0.0,0.5992637423712714,0.4007362576287286,0.2044138346098462,1.1635310676878772,output/05_master_corridor_theta/route_nodes/DB01_to_DK05_backward_main_01.csv
v1_corridor,DB01_to_DK05,backward_backup_01,DK05,DB01,backward,backup,1,True,"Path found. [safe fallback attempted] Soft buffer: 2 narrow sample(s), 6 crossing(s), min clearance 35.2 m (target 50 m).",8666.904755831212,8.666904755831212,3778.152847698444,147,2232,2.107748031616211,87.78831738024618,False,False,False,True,,,85.19721653529507,,,,223.60679774997897,False,35.239698613931616,2.0,6.0,"(526,2624);(519,2631);(861,3811);(875,3825);(882,3832);(890,3840)",57.6650390625,14.0,575.7359312880699,,,,,,,,147,147,,,,,False,,,,,0,0,0.0,0.5827954809122364,0.4172045190877635,0.20278943638497524,1.1622315491079802,output/05_master_corridor_theta/route_nodes/DB01_to_DK05_backward_backup_01.csv
v1_corridor,DB01_to_DK06,forward_main_01,DB01,DK06,forward,main,1,True,Path found. [safe fallback attempted],5411.26983722081,5.41126983722081,1369.272222877236,91,5583,4.788052320480347,,,False,False,True,,,,,,,,,,,,,,,,True,0.0,,True,0.0,major,,91,91,47.12109639666146,45.0,33.061327120626984,23.09061411137705,True,,,,,0,0,0.0,0.6255346222787225,0.3744653777212776,0.16045982214809448,1.1283678577184755,output/05_master_corridor_theta/route_nodes/DB01_to_DK06_forward_main_01.csv
v1_corridor,DB01_to_DK06,forward_backup_01,DB01,DK06,forward,backup,1,True,"Path found. [safe fallback attempted] Soft buffer: 3 narrow sample(s), 2 crossing(s), min clearance 35.2 m (target 50 m).",6099.137802864846,6.099137802864846,2261.641042444088,106,1508,1.4515268802642822,89.90680674706313,False,False,False,True,,,90.56390912733406,,,,223.60679774997897,False,35.1844952225556,3.0,2.0,"(510,2640);(517,2633)",57.6650390625,10.0,687.8679656440372,,,,,,,,106,106,,,,,False,,,,,0,0,0.0,0.6213041164866726,0.3786958835133273,0.1357903860199641,1.1086323088159713,output/05_master_corridor_theta/route_nodes/DB01_to_DK06_forward_backup_01.csv
v1_corridor,DB01_to_DK06,backward_main_01,DK06,DB01,backward,main,1,True,Path found. [safe fallback attempted],6345.584412271572,6.345584412271571,1768.828319173423,113,7309,6.2322657108306885,,,False,False,True,0.0,,,,,,,,,,,,,,,True,158.11388300841898,,True,35.35533905932738,major,,113,113,83.65980825409008,56.30993247402022,38.72695562482698,23.296967242430927,True,,,,strict_lock,0,89,0.0,0.571214389707251,0.42878561029274886,0.10635559249140986,1.0850844739931278,output/05_master_corridor_theta/route_nodes/DB01_to_DK06_backward_main_01.csv
v1_corridor,DB01_to_DK06,backward_backup_01,DK06,DB01,backward,backup,1,True,"Path found. [safe fallback attempted] Soft buffer: 15 narrow sample(s), 9 crossing(s), min clearance 2.2 m (target 50 m).",6157.716446627535,6.157716446627536,2173.032213151164,108,1556,1.5169122219085693,110.64786066809003,False,False,False,True,,,91.94969064933758,,,,250.0,False,2.203882014332818,15.0,9.0,"(1403,2051);(512,3938);(526,3924);(533,3917);(547,3903);(554,3896);(575,3875);(582,3868);(590,3860)",57.6650390625,19.0,-229.28932188134604,,,,,,,,108,108,,,,,False,,,,,0,0,0.0,0.5998034805183138,0.4001965194816863,0.14495741413175017,1.1159659313053998,output/05_master_corridor_theta/route_nodes/DB01_to_DK06_backward_backup_01.csv
v1_corridor,DB02_to_DK01,forward_main_01,DB02,DK01,forward,main,1,True,Route forced through FLZ buffer via FLZ02.,2352.081528017131,2.352081528017131,1336.5204205290947,41,2898,2.7569739818573,,,False,False,True,,,,,,,,,,,,,,,,True,0.0,FLZ02,True,0.0,major,,43,41,180.0,180.0,45.0,35.00000000000001,True,,,,,0,0,0.0,0.7451530029340051,0.25484699706599484,,,output/05_master_corridor_theta/route_nodes/DB02_to_DK01_forward_main_01.csv
v1_corridor,DB02_to_DK01,forward_backup_01,DB02,DK01,forward,backup,1,True,"Path found. [safe fallback attempted] Soft buffer: 3 narrow sample(s), 8 crossing(s), min clearance 35.1 m (target 50 m).",974.2640687119285,0.9742640687119285,764.9324441926387,18,446,0.5860292911529541,83.56738872245296,False,False,False,True,,,83.56738872245296,,,,250.0,False,35.079689783217006,3.0,8.0,"(2199,603);(2255,595);(2298,553);(2496,696);(2300,552);(2249,598);(2201,602);(2151,646)",57.6650390625,7.0,-1519.2388155425122,,,,,,,,18,18,,,,,False,,,,,0,0,0.0,0.5085987871092648,0.49140121289073524,0.2210751714562841,1.1768601371650274,output/05_master_corridor_theta/route_nodes/DB02_to_DK01_forward_backup_01.csv
v1_corridor,DB02_to_DK01,backward_main_01,DK01,DB02,backward,main,1,True,Route forced through FLZ buffer via FLZ01.,5285.533905932738,5.285533905932738,1945.273421963217,86,4720,4.248808145523071,,,False,False,True,,,,,,,,,,,,,,,,True,0.0,FLZ01,True,0.0,major,,86,86,153.434948822922,153.434948822922,44.581075680476616,38.41109418818918,True,,,,,0,61,0.0,0.5421818211313203,0.4578181788686797,,,output/05_master_corridor_theta/route_nodes/DB02_to_DK01_backward_main_01.csv
v1_corridor,DB02_to_DK01,backward_backup_01,DK01,DB02,backward,backup,1,True,"Path found. [safe fallback attempted] Soft buffer: 0 narrow sample(s), 4 crossing(s), min clearance 50.1 m (target 50 m).",4024.8737341529163,4.024873734152917,2334.796298464405,67,1316,1.2900621891021729,116.9916819829428,False,False,False,True,,,132.90233960130416,,,,250.0,False,50.07084184522962,0.0,4.0,"(650,2394);(601,2454);(600,2495);(600,2457)",57.6650390625,8.0,-1260.6601717798226,,,,,,,,67,67,,,,,False,,,,,0,0,0.0,0.47184637360751985,0.5281536263924801,0.2849226954715663,1.2279381563772531,output/05_master_corridor_theta/route_nodes/DB02_to_DK01_backward_backup_01.csv
v1_corridor,DB02_to_DK02,forward_main_01,DB02,DK02,forward,main,1,True,Route forced through FLZ buffer via FLZ02.,3638.477631085024,3.6384776310850238,1409.7592681667122,63,3305,2.4941141605377197,,,False,False,True,,,,,,,,,,,,,,,,True,0.0,FLZ02,True,0.0,major,,63,63,71.56505117707799,71.56505117707799,42.44795573310427,40.86581385608187,True,,,,,0,0,0.0,0.7610064036070027,0.23899359639299725,,,output/05_master_corridor_theta/route_nodes/DB02_to_DK02_forward_main_01.csv
v1_corridor,DB02_to_DK02,forward_backup_01,DB02,DK02,forward,backup,1,True,Path found. [safe fallback attempted],3143.5028842544407,3.1435028842544406,1425.5909137685398,56,902,0.7775406837463379,96.03199310798901,False,False,False,True,,,96.97430230682396,,,,250.0,True,50.0,0.0,0.0,,3.375,5.0,-494.9747468305827,,,,,,,,56,56,,,,,False,,,,,0,0,0.0,0.7416713002823544,0.2583286997176457,0.06639860629030385,1.053118885032243,output/05_master_corridor_theta/route_nodes/DB02_to_DK02_forward_backup_01.csv
v1_corridor,DB02_to_DK02,backward_main_01,DK02,DB02,backward,main,1,True,Path found. [safe fallback attempted],4087.0057685088805,4.08700576850888,1863.8295904543475,67,4383,3.0087289810180664,,,False,False,True,150.0,,,,,,,,,,,,,,,True,223.60679774997897,,True,0.0,major,,74,67,90.0,59.03624346792648,40.97636416907261,30.333972663467552,True,,,,strict_lock,0,48,0.0,0.7158487763701984,0.2841512236298017,0.19814630262716063,1.1585170421017283,output/05_master_corridor_theta/route_nodes/DB02_to_DK02_backward_main_01.csv
v1_corridor,DB02_to_DK02,backward_backup_01,DK02,DB02,backward,backup,1,True,Path found. [safe fallback attempted],4074.8737341529168,4.074873734152916,2297.5749816764833,68,1159,0.9540567398071289,70.15087305405385,False,False,False,True,,,89.44803634518652,,,,250.0,True,50.0,0.0,0.0,,11.390625,10.0,-217.15728752538053,,,,,,,,68,68,,,,,False,,,,,0,0,0.0,0.6789724591376103,0.3210275408623899,0.2603379206812073,1.2082703365449659,output/05_master_corridor_theta/route_nodes/DB02_to_DK02_backward_backup_01.csv
v1_corridor,DB02_to_DK03,forward_main_01,DB02,DK03,forward,main,1,True,Route forced through FLZ buffer via FLZ02.,3633.452377915607,3.633452377915607,1455.5930453354617,60,3917,3.6494765281677246,,,False,False,True,,,,,,,,,,,,,,,,True,0.0,FLZ02,True,0.0,major,,60,60,81.86989764584402,47.66300076606712,39.5420068236104,29.99744790644111,True,,,,,0,0,0.0,0.6274888491369943,0.37251115086300574,,,output/05_master_corridor_theta/route_nodes/DB02_to_DK03_forward_main_01.csv
v1_corridor,DB02_to_DK03,forward_backup_01,DB02,DK03,forward,backup,1,True,"Path found. [safe fallback attempted] Soft buffer: 0 narrow sample(s), 6 crossing(s), min clearance 56.0 m (target 50 m).",853.5533905932738,0.8535533905932737,690.7079694979246,16,719,0.8289220333099365,93.29663937533648,False,False,False,True,,,125.51494654668399,,,,223.60679774997897,False,56.00160031329324,0.0,6.0,"(1959,941);(1994,906);(2001,899);(2107,743);(2143,707);(2157,643)",57.6650390625,6.0,-2904.163056034262,,,,,,,,16,16,,,,,False,,,,,0,0,0.0,0.34992987834470307,0.650070121655297,0.2188470523954602,1.1750776419163682,output/05_master_corridor_theta/route_nodes/DB02_to_DK03_forward_backup_01.csv
v1_corridor,DB02_to_DK03,backward_main_01,DK03,DB02,backward,main,1,True,Path found. [safe fallback attempted],3231.370849898476,3.231370849898476,2644.148685126327,59,3420,3.007929563522339,,,False,False,True,200.0,,,,,,,,,,,,,,,True,300.0,,True,0.0,major,,59,59,90.0,75.96375653207352,54.52730970217647,45.90347018800091,True,,,,strict_lock,0,41,0.0,0.503944325013885,0.496055674986115,0.38979498860034045,1.3118359908802721,output/05_master_corridor_theta/route_nodes/DB02_to_DK03_backward_main_01.csv
v1_corridor,DB02_to_DK03,backward_backup_01,DK03,DB02,backward,backup,1,True,"Path found. [safe fallback attempted] Soft buffer: 0 narrow sample(s), 15 crossing(s), min clearance 149.8 m (target 50 m).",1194.9747468305832,1.1949747468305831,1227.3239823146378,22,492,0.6309847831726074,151.59358092256227,False,False,False,True,,,162.5096326572678,,,,250.0,False,149.80513029510686,0.0,15.0,"(854,1296);(1869,631);(1884,616);(1898,602);(1912,588);(1919,581);(1933,567);(1947,553);(1954,546);(1975,525);(1990,510);(1997,503);(2011,489);(2025,475);(2039,461)",57.6650390625,6.0,-2160.6601717798217,,,,,,,,22,22,,,,,False,,,,,0,0,0.0,0.36727378285057366,0.6327262171494265,0.5261297760773115,1.420903820861849,output/05_master_corridor_theta/route_nodes/DB02_to_DK03_backward_backup_01.csv
v1_corridor,DB02_to_DK04,forward_main_01,DB02,DK04,forward,main,1,True,Route forced through FLZ buffer via FLZ01.,3638.4776310850234,3.6384776310850233,1079.69406950967,63,2555,2.0239386558532715,,,False,False,True,,,,,,,,,,,,,,,,True,0.0,FLZ01,True,0.0,major,,63,63,90.0,90.0,45.39330905636769,41.036107366117854,True,,,,,0,0,0.0,0.6755872068967272,0.324412793103273,,,output/05_master_corridor_theta/route_nodes/DB02_to_DK04_forward_main_01.csv
v1_corridor,DB02_to_DK04,forward_backup_01,DB02,DK04,forward,backup,1,True,Path found. [safe fallback attempted],2950.6096654409885,2.9506096654409886,1407.0982385513785,48,896,0.7817714214324951,96.59064235408043,False,False,False,True,,,84.24949252924911,,,,223.60679774997897,True,50.0,0.0,0.0,,11.390625,11.0,-687.8679656440354,,,,,,,,48,48,,,,,False,,,,,0,0,0.0,0.5773495705348144,0.4226504294651856,0.06740153297177844,1.0539212263774227,output/05_master_corridor_theta/route_nodes/DB02_to_DK04_forward_backup_01.csv
v1_corridor,DB02_to_DK04,backward_main_01,DK04,DB02,backward,main,1,True,Path found. [safe fallback attempted],3538.477631085024,3.5384776310850237,1725.4065191148168,61,4373,3.0425326824188232,,,False,False,True,200.0,,,,,,,,,,,,,,,True,388.90872965260115,,True,35.35533905932738,major,,62,61,90.0,52.12501634890181,45.0,36.05436860286525,True,,,,strict_lock,0,50,0.0,0.6420586733856604,0.35794132661433986,0.0718848157555875,1.0575078526044701,output/05_master_corridor_theta/route_nodes/DB02_to_DK04_backward_main_01.csv
v1_corridor,DB02_to_DK04,backward_backup_01,DK04,DB02,backward,backup,1,True,"Path found. [safe fallback attempted] Soft buffer: 23 narrow sample(s), 1 crossing(s), min clearance 2.5 m (target 50 m).",4145.584412271572,4.145584412271572,2976.5493694675615,69,1005,0.8541252613067627,91.11254507347253,False,False,False,True,,,70.30627748664595,,,,212.13203435596427,False,2.51272359484269,23.0,1.0,"(2101,2650)",57.6650390625,16.0,453.5533905932739,,,,,,,,69,69,,,,,False,,,,,0,0,0.0,0.6610079396508052,0.33899206034919477,0.09103489174801828,1.0728279133984144,output/05_master_corridor_theta/route_nodes/DB02_to_DK04_backward_backup_01.csv
v1_corridor,DB02_to_DK05,forward_main_01,DB02,DK05,forward,main,1,True,Path found. [safe fallback attempted],5364.823227814083,5.3648232278140835,1731.7405691241681,88,6257,5.27641749382019,,,False,False,True,,,,,,,,,,,,,,,,True,100.0,,True,0.0,major,,88,88,59.03624346792648,48.366460663429805,39.394740283979324,32.73098261964922,True,,,,,0,0,0.0,0.5229354845040497,0.47706451549595036,0.11698609697320039,1.0935888775785605,output/05_master_corridor_theta/route_nodes/DB02_to_DK05_forward_main_01.csv
v1_corridor,DB02_to_DK05,forward_backup_01,DB02,DK05,forward,backup,1,True,Path found. [safe fallback attempted],4816.2950903902265,4.816295090390226,2396.7648827801963,82,1504,1.4720680713653564,71.08645203178048,False,False,False,True,,,79.7543774819159,,,,250.0,True,50.0,0.0,0.0,,1.0,2.0,-589.9494936611663,,,,,,,,82,82,,,,,False,,,,,0,0,0.0,0.5582070469078342,0.4417929530921658,0.1570997281955469,1.1256797825564377,output/05_master_corridor_theta/route_nodes/DB02_to_DK05_forward_backup_01.csv
v1_corridor,DB02_to_DK05,backward_main_01,DK05,DB02,backward,main,1,True,Path found. [safe fallback attempted],5169.8484809835,5.1698484809835,2612.364042465313,87,4134,3.554675340652466,,,False,False,True,200.0,,,,,,,,,,,,,,,True,223.60679774997897,,True,0.0,major,,87,87,63.43494882292201,30.963756532073518,34.704638605237676,17.16833387187648,True,,,,strict_lock,0,65,0.0,0.3723846200941665,0.6276153799058335,0.07703642035477824,1.0616291362838224,output/05_master_corridor_theta/route_nodes/DB02_to_DK05_backward_main_01.csv
v1_corridor,DB02_to_DK05,backward_backup_01,DK05,DB02,backward,backup,1,True,Path found. [safe fallback attempted],4981.980515339465,4.9819805153394645,3071.2994882607927,82,1234,1.189488410949707,75.30349270056124,False,False,False,True,,,61.32228200909988,,,,100.0,True,50.0,0.0,0.0,,1.0,2.0,-187.8679656440363,,,,,,,,82,82,,,,,False,,,,,0,0,0.0,0.3919781427732659,0.608021857226734,0.0951839483499705,1.0761471586799765,output/05_master_corridor_theta/route_nodes/DB02_to_DK05_backward_backup_01.csv
v1_corridor,DB02_to_DK06,forward_main_01,DB02,DK06,forward,main,1,True,Path found. [safe fallback attempted],2838.477631085024,2.838477631085024,1114.0284449059945,47,2772,2.0065200328826904,,,False,False,True,200.0,,,,,,,,,,,,,,,True,223.60679774997897,,True,0.0,major,,47,47,90.0,59.03624346792648,47.576869623406985,27.98022720158168,True,,,,strict_lock,0,25,0.0,0.7081874508558889,0.29181254914411103,0.07932209953489439,1.0634576796279156,output/05_master_corridor_theta/route_nodes/DB02_to_DK06_forward_main_01.csv
v1_corridor,DB02_to_DK06,forward_backup_01,DB02,DK06,forward,backup,1,True,"Path found. [safe fallback attempted] Soft buffer: 0 narrow sample(s), 4 crossing(s), min clearance 50.2 m (target 50 m).",2509.188309203679,2.509188309203679,1089.597410836448,40,638,0.6120402812957764,75.39969125720496,False,False,False,True,,,85.74930660661079,,,,180.27756377319946,False,50.24979707750274,0.0,4.0,"(3646,1004);(3632,1018);(3625,1025);(3611,1039)",57.6650390625,8.0,-370.7106781186544,,,,,,,,40,40,,,,,False,,,,,0,0,0.0,0.7622771344839927,0.23772286551600738,0.04915231587322054,1.0393218526985766,output/05_master_corridor_theta/route_nodes/DB02_to_DK06_forward_backup_01.csv
v1_corridor,DB02_to_DK06,backward_main_01,DK06,DB02,backward,main,1,True,Route forced through FLZ buffer via FLZ04.,5216.2950903902265,5.2162950903902265,1405.3983177399189,90,3272,2.547240972518921,,,False,False,True,,,,,,,,,,,,,,,,True,0.0,FLZ04,True,0.0,major,,90,90,180.0,161.565051177078,28.464495308243247,21.98023856256017,True,,,,,2,51,3.9215686274509802,0.6859281808306458,0.3140718191693542,,,output/05_master_corridor_theta/route_nodes/DB02_to_DK06_backward_main_01.csv
v1_corridor,DB02_to_DK06,backward_backup_01,DK06,DB02,backward,backup,1,True,"Path found. [safe fallback attempted] Soft buffer: 10 narrow sample(s), 29 crossing(s), min clearance 1.6 m (target 50 m).",2089.949493661167,2.089949493661167,1027.1871923869646,37,602,0.5784571170806885,43.10742559001576,False,False,False,True,,,73.1680134139954,,,,111.80339887498948,False,1.5617267551344944,10.0,29.0,"(2601,1299);(2594,1306);(2580,1320);(2566,1334);(2550,1398);(2570,1520);(2846,1696);(2854,1754);(2896,1796);(2903,1953);(2949,2004);(2953,2152);(2999,2203);(3003,2301);(3049,2352);(3052,2401);(3099,2452);(3054,2646);(3098,2451);(3052,2400);(3049,2352);(3002,2301);(2999,2203);(2953,2152);(2949,2003);(2903,1952);(2896,1796);(2853,1753);(2846,1696)",57.6650390625,13.0,-3167.7669529663694,,,,,,,,37,37,,,,,False,,,,,0,0,0.0,0.6321782158622706,0.3678217841377293,0.05255301955768179,1.0420424156461454,output/05_master_corridor_theta/route_nodes/DB02_to_DK06_backward_backup_01.csv
v1_corridor,DK01_to_DK02,forward_main_01,DK01,DK02,forward,main,1,True,Route forced through FLZ buffer via FLZ02.,3952.081528017131,3.952081528017131,1865.174560505606,73,3753,3.60408091545105,,,False,False,True,,,,,,,,,,,,,,,,True,0.0,FLZ02,True,0.0,major,,73,73,71.56505117707799,63.43494882292201,46.53886482401336,39.458413544479384,True,,,,,0,0,0.0,0.7070024026276519,0.29299759737234804,,,output/05_master_corridor_theta/route_nodes/DK01_to_DK02_forward_main_01.csv
v1_corridor,DK01_to_DK02,forward_backup_01,DK01,DK02,forward,backup,1,True,"Path found. [safe fallback attempted] Soft buffer: 3 narrow sample(s), 4 crossing(s), min clearance 35.2 m (target 50 m).",3805.634918610405,3.805634918610405,2088.990904790734,68,1078,1.1326055526733398,86.00293385210121,False,False,False,True,,,85.34412854174838,,,,250.0,False,35.22208024863596,3.0,4.0,"(2258,592);(2272,578);(2279,571);(2286,564)",57.6650390625,9.0,-229.28932188134468,,,,,,,,68,68,,,,,False,,,,,0,0,0.0,0.6962851290996486,0.30371487090035143,0.24326827249311395,1.194614617994491,output/05_master_corridor_theta/route_nodes/DK01_to_DK02_forward_backup_01.csv
v1_corridor,DK01_to_DK02,backward_main_01,DK02,DK01,backward,main,1,True,Path found. [safe fallback attempted],5071.320343559642,5.071320343559642,1870.6506738335863,90,6519,5.5226380825042725,,,False,False,True,0.0,,,,,,,,,,,,,,,True,223.60679774997897,,True,0.0,major,,90,90,63.43494882292195,63.43494882292195,39.151065915441464,34.172567604447444,True,,,,strict_lock,0,70,0.0,0.7122133790983077,0.28778662090169216,0.19777568326368977,1.1582205466109519,output/05_master_corridor_theta/route_nodes/DK01_to_DK02_backward_main_01.csv
v1_corridor,DK01_to_DK02,backward_backup_01,DK02,DK01,backward,backup,1,True,Path found. [safe fallback attempted],4759.188309203679,4.759188309203679,2237.6454830070757,85,1437,1.3963260650634766,72.8029700513976,False,False,False,True,,,75.29864104382071,,,,206.15528128088303,True,50.0,0.0,0.0,,2.25,6.0,-353.55339059327434,,,,,,,,85,85,,,,,False,,,,,0,0,0.0,0.7374468168902943,0.26255318310970577,0.19342458081919958,1.1547396646553596,output/05_master_corridor_theta/route_nodes/DK01_to_DK02_backward_backup_01.csv
v1_corridor,DK01_to_DK03,forward_main_01,DK01,DK03,forward,main,1,True,Route forced through FLZ buffer via FLZ02.,3947.0562748477146,3.9470562748477147,1911.0083376743555,70,4365,3.161803960800171,,,False,False,True,,,,,,,,,,,,,,,,True,0.0,FLZ02,True,0.0,major,,70,70,81.86989764584402,45.0,45.580721596725425,29.864943442725302,True,,,,,0,0,0.0,0.5902443273256724,0.4097556726743275,,,output/05_master_corridor_theta/route_nodes/DK01_to_DK03_forward_main_01.csv
v1_corridor,DK01_to_DK03,forward_backup_01,DK01,DK03,forward,backup,1,True,"Path found. [safe fallback attempted] Soft buffer: 3 narrow sample(s), 2 crossing(s), min clearance 35.2 m (target 50 m).",3488.477631085024,3.488477631085024,2372.181699902649,60,1148,0.9291508197784424,76.59390588735772,False,False,False,True,,,79.97292479449122,,,,250.0,False,35.206516607659886,3.0,2.0,"(2286,564);(2293,557)",57.6650390625,8.0,-665.685424949238,,,,,,,,60,60,,,,,False,,,,,0,0,0.0,0.5558219196508551,0.44417808034914485,0.43746363296705754,1.3499709063736456,output/05_master_corridor_theta/route_nodes/DK01_to_DK03_forward_backup_01.csv
v1_corridor,DK01_to_DK03,backward_main_01,DK03,DK01,backward,main,1,True,Route forced through FLZ buffer via FLZ01.,4195.584412271572,4.195584412271572,1764.6348747178176,70,5532,3.910733222961426,,,False,False,True,,,,,,,,,,,,,,,,True,0.0,FLZ01,True,0.0,major,,70,70,153.434948822922,153.434948822922,48.75,47.05635135891277,True,,,,,0,45,0.0,0.554512670696396,0.4454873293036039,,,output/05_master_corridor_theta/route_nodes/DK01_to_DK03_backward_main_01.csv
v1_corridor,DK01_to_DK03,backward_backup_01,DK03,DK01,backward,backup,1,True,"Path found. [safe fallback attempted] Soft buffer: 0 narrow sample(s), 24 crossing(s), min clearance 106.0 m (target 50 m).",803.5533905932738,0.8035533905932738,706.122930940194,15,774,0.690800666809082,127.16251680776347,False,False,False,True,,,127.16251680776347,,,,250.0,False,105.95450674849322,0.0,24.0,"(933,1367);(919,1381);(912,1388);(898,1402);(891,1409);(877,1423);(870,1430);(849,1451);(835,1465);(827,1473);(806,1494);(785,1515);(771,1529);(764,1536);(750,1550);(743,1557);(729,1571);(722,1578);(707,1593);(699,2348);(603,2448);(600,2495);(601,2453);(650,2394)",57.6650390625,6.0,-3392.0310216782977,,,,,,,,15,15,,,,,False,,,,,0,0,0.0,0.19871441546935206,0.8012855845306479,0.20506711829819582,1.1640536946385567,output/05_master_corridor_theta/route_nodes/DK01_to_DK03_backward_backup_01.csv
v1_corridor,DK01_to_DK04,forward_main_01,DK01,DK04,forward,main,1,True,Route forced through FLZ buffer via FLZ01.,3595.584412271571,3.595584412271571,1689.358034382861,58,3784,3.479733943939209,,,False,False,True,,,,,,,,,,,,,,,,True,0.0,FLZ01,True,0.0,minor,,66,58,104.03624346792648,45.0,57.21582050907744,39.549647628412046,True,,,,,0,0,0.0,0.5829575211676686,0.4170424788323314,,,output/05_master_corridor_theta/route_nodes/DK01_to_DK04_forward_main_01.csv
v1_corridor,DK01_to_DK04,forward_backup_01,DK01,DK04,forward,backup,1,True,"Path found. [safe fallback attempted] Soft buffer: 0 narrow sample(s), 4 crossing(s), min clearance 50.0 m (target 50 m).",3442.0310216782973,3.4420310216782974,1922.1221065163925,57,998,1.055887222290039,115.06476101051881,False,False,False,True,,,103.7007638103292,,,,250.0,False,50.0,0.0,4.0,"(635,2415);(628,2422);(621,2429);(607,2443)",57.6650390625,9.0,-429.28932188134513,,,,,,,,57,57,,,,,False,,,,,0,0,0.0,0.5693929445567404,0.4306070554432596,0.22565993788117314,1.1805279503049384,output/05_master_corridor_theta/route_nodes/DK01_to_DK04_forward_backup_01.csv
v1_corridor,DK01_to_DK04,backward_main_01,DK04,DK01,backward,main,1,True,Route forced through FLZ buffer via FLZ02.,4442.031021678297,4.442031021678297,1894.9070412659767,77,5559,4.987977743148804,,,False,False,True,,,,,,,,,,,,,,,,True,0.0,FLZ02,True,0.0,major,,77,77,71.56505117707799,50.710593137499636,40.495428987485106,32.733737205730506,True,,,,,0,53,0.0,0.637472750972337,0.3625272490276631,,,output/05_master_corridor_theta/route_nodes/DK01_to_DK04_backward_main_01.csv
v1_corridor,DK01_to_DK04,backward_backup_01,DK04,DK01,backward,backup,1,True,Path found. [safe fallback attempted],4542.031021678297,4.542031021678297,2403.789173563547,79,1361,1.3549349308013916,56.183261152974985,False,False,False,True,,,59.69161796744653,,,,111.80339887498948,True,50.0,0.0,0.0,,5.0625,9.0,17.157287525381435,,,,,,,,79,79,,,,,False,,,,,0,0,0.0,0.6273207235208338,0.3726792764791663,0.20731640418906747,1.165853123351254,output/05_master_corridor_theta/route_nodes/DK01_to_DK04_backward_backup_01.csv
v1_corridor,DK01_to_DK05,forward_main_01,DK01,DK05,forward,main,1,True,Path found. [safe fallback attempted],7934.062043356595,7.934062043356595,2491.2735598645745,134,7016,5.865065813064575,,,False,False,True,,,,,,,,,,,,,,,,True,100.0,,True,0.0,major,,134,134,77.47119229084849,63.43494882292201,38.36874383084482,30.948040716192054,True,,,,,0,0,0.0,0.6068520561224258,0.3931479438775743,0.19357708402026316,1.1548616672162104,output/05_master_corridor_theta/route_nodes/DK01_to_DK05_forward_main_01.csv
v1_corridor,DK01_to_DK05,forward_backup_01,DK01,DK05,forward,backup,1,True,Path found. [safe fallback attempted],7214.823227814083,7.214823227814083,3602.717435130188,125,2430,2.2067782878875732,70.64301758710306,False,False,False,True,,,72.84852419323995,,,,250.0,True,50.0,0.0,0.0,,1.0,2.0,-802.0815280171319,,,,,,,,125,125,,,,,False,,,,,0,0,0.0,0.6113367725082439,0.38866322749175614,0.22077152063484085,1.1766172165078723,output/05_master_corridor_theta/route_nodes/DK01_to_DK05_forward_backup_01.csv
v1_corridor,DK01_to_DK05,backward_main_01,DK05,DK01,backward,main,1,True,Path found. [safe fallback attempted],5978.427124746191,5.978427124746191,2803.8107226966736,104,7110,5.861397981643677,,,False,False,True,0.0,,,,,,,,,,,,,,,True,100.0,,True,0.0,major,,104,104,90.0,72.89727103094764,46.0837269764086,33.908694274731204,True,,,,strict_lock,0,82,0.0,0.5069136304480346,0.49308636955196544,0.3224215870309987,1.2579372696247988,output/05_master_corridor_theta/route_nodes/DK01_to_DK05_backward_main_01.csv
v1_corridor,DK01_to_DK05,backward_backup_01,DK05,DK01,backward,backup,1,True,Path found. [safe fallback attempted],5907.716446627536,5.9077164466275365,3821.551983814836,103,1940,1.821221113204956,80.54450309433075,False,False,False,True,,,68.58584410270606,,,,212.13203435596427,True,50.0,0.0,0.0,,25.62890625,12.0,-443.5028842544398,,,,,,,,103,103,,,,,False,,,,,0,0,0.0,0.5144534889827503,0.48554651101724966,0.3793621159984631,1.3034896927987707,output/05_master_corridor_theta/route_nodes/DK01_to_DK05_backward_backup_01.csv
v1_corridor,DK01_to_DK06,forward_main_01,DK01,DK06,forward,main,1,True,Path found. [safe fallback attempted],3293.5028842544407,3.2935028842544405,1637.6166077827504,59,3096,2.2144229412078857,,,False,False,True,200.0,,,,,,,,,,,,,,,True,223.60679774997897,,True,0.0,major,,59,59,90.0,55.61965527615513,47.36484777456983,28.83726054777153,True,,,,strict_lock,0,38,0.0,0.6028199495991524,0.39718005040084764,0.12284996122849824,1.0982799689827987,output/05_master_corridor_theta/route_nodes/DK01_to_DK06_forward_main_01.csv
v1_corridor,DK01_to_DK06,forward_backup_01,DK01,DK06,forward,backup,1,True,"Path found. [safe fallback attempted] Soft buffer: 0 narrow sample(s), 8 crossing(s), min clearance 50.0 m (target 50 m).",3129.8989873223336,3.1298989873223335,1643.4840811976023,52,857,0.725499153137207,170.23211694736634,False,False,False,True,,,97.85088106824297,,,,223.60679774997897,False,50.002713252599094,0.0,8.0,"(1190,390);(1182,382);(1168,368);(1161,361);(3639,1011);(3632,1018);(3625,1025);(3610,1040)",57.6650390625,8.0,-536.3961030678925,,,,,,,,52,52,,,,,False,,,,,0,0,0.0,0.6860111465944884,0.3139888534055117,0.17610558103614402,1.1408844648289151,output/05_master_corridor_theta/route_nodes/DK01_to_DK06_forward_backup_01.csv
v1_corridor,DK01_to_DK06,backward_main_01,DK06,DK01,backward,main,1,True,Route forced through FLZ buffer via FLZ01.,6451.219330881976,6.451219330881976,2147.6210360209357,106,7042,4.9687488079071045,,,False,False,True,,,,,,,,,,,,,,,,True,0.0,FLZ01,True,0.0,major,,106,106,153.434948822922,153.434948822922,35.574697684407,30.399419767832388,True,,,,,3,81,3.7037037037037037,0.562273827200741,0.43772617279925896,,,output/05_master_corridor_theta/route_nodes/DK01_to_DK06_backward_main_01.csv
v1_corridor,DK01_to_DK06,backward_backup_01,DK06,DK01,backward,backup,1,True,"Path found. [safe fallback attempted] Soft buffer: 0 narrow sample(s), 4 crossing(s), min clearance 50.0 m (target 50 m).",5644.112549695428,5.6441125496954285,2997.643783843344,94,2010,1.4777581691741943,90.68880788004037,False,False,False,True,,,96.06935090007974,,,,250.0,False,50.0,0.0,4.0,"(600,2458);(600,2495);(601,2453);(650,2393)",57.6650390625,10.0,-807.1067811865478,,,,,,,,94,94,,,,,False,,,,,0,0,0.0,0.5279004034783038,0.4720995965216962,0.2618354811441305,1.2094683849153043,output/05_master_corridor_theta/route_nodes/DK01_to_DK06_backward_backup_01.csv
v1_corridor,DK02_to_DK03,forward_main_01,DK02,DK03,forward,main,1,True,Route forced through FLZ buffer via FLZ04.,3926.3455967290593,3.9263455967290595,1359.3781843575066,70,4557,4.245429992675781,,,False,False,True,,,,,,,,,,,,,,,,True,0.0,FLZ04,True,0.0,major,,70,70,171.86989764584402,101.88865803962794,52.12933979326909,33.332272171522135,True,,,,,0,0,0.0,0.6031097526586657,0.3968902473413342,,,output/05_master_corridor_theta/route_nodes/DK02_to_DK03_forward_main_01.csv
v1_corridor,DK02_to_DK03,forward_backup_01,DK02,DK03,forward,backup,1,True,"Path found. [safe fallback attempted] Soft buffer: 0 narrow sample(s), 2 crossing(s), min clearance 50.0 m (target 50 m).",3567.766952966369,3.567766952966369,1877.2181364572969,62,1095,1.1428351402282715,107.16929404647023,False,False,False,True,,,75.33081327166627,,,,250.0,False,50.0,0.0,2.0,"(3054,2646);(3100,2593)",57.6650390625,9.0,-689.9494936611663,,,,,,,,62,62,,,,,False,,,,,0,0,0.0,0.5478160279276874,0.4521839720723126,0.2681170052932287,1.2144936042345826,output/05_master_corridor_theta/route_nodes/DK02_to_DK03_forward_backup_01.csv
v1_corridor,DK02_to_DK03,backward_main_01,DK03,DK02,backward,main,1,True,Path found. [safe fallback attempted],4399.137802864845,4.399137802864845,2463.168456020791,72,5611,4.75208854675293,,,False,False,True,200.0,,,,,,,,,,,,,,,True,176.7766952966369,,True,0.0,major,,72,72,90.0,81.86989764584402,53.24248257780319,51.00955235929275,True,,,,strict_lock,0,52,0.0,0.6362086922720029,0.36379130772799706,0.16986805722947487,1.13589444578358,output/05_master_corridor_theta/route_nodes/DK02_to_DK03_backward_main_01.csv
v1_corridor,DK02_to_DK03,backward_backup_01,DK03,DK02,backward,backup,1,True,"Path found. [safe fallback attempted] Soft buffer: 14 narrow sample(s), 1 crossing(s), min clearance 3.0 m (target 50 m).",4674.873734152917,4.674873734152917,2894.613874873173,80,1365,1.353433609008789,127.44541273875457,False,False,False,True,,,132.39595663974865,,,,250.0,False,3.0085979822436113,14.0,1.0,"(3619,2019)",57.6650390625,13.0,151.47186257614248,,,,,,,,80,80,,,,,False,,,,,0,0,0.0,0.6792330659532431,0.32076693404675694,0.18933648040607814,1.1514691843248626,output/05_master_corridor_theta/route_nodes/DK02_to_DK03_backward_backup_01.csv
v1_corridor,DK02_to_DK04,forward_main_01,DK02,DK04,forward,main,1,True,Route forced through FLZ buffer via FLZ04.,4587.005768508881,4.587005768508881,1343.2768879491282,77,4883,3.5988640785217285,,,False,False,True,,,,,,,,,,,,,,,,True,0.0,FLZ04,True,0.0,major,,77,77,171.86989764584402,105.0684881594922,44.89670279579437,36.43494882292201,True,,,,,0,0,0.0,0.649168592184149,0.3508314078158511,,,output/05_master_corridor_theta/route_nodes/DK02_to_DK04_forward_main_01.csv
v1_corridor,DK02_to_DK04,forward_backup_01,DK02,DK04,forward,backup,1,True,"Path found. [safe fallback attempted] Soft buffer: 0 narrow sample(s), 2 crossing(s), min clearance 50.0 m (target 50 m).",4221.320343559642,4.2213203435596425,1924.4352466124294,73,1189,0.982109546661377,71.58264850087392,False,False,False,True,,,71.40082759673416,,,,250.0,False,50.0,0.0,2.0,"(3054,2646);(3100,2593)",57.6650390625,11.0,-407.1067811865487,,,,,,,,73,73,,,,,False,,,,,0,0,0.0,0.6076561034634476,0.3923438965365525,0.16911643882822613,1.1352931510625808,output/05_master_corridor_theta/route_nodes/DK02_to_DK04_forward_backup_01.csv
v1_corridor,DK02_to_DK04,backward_main_01,DK04,DK02,backward,main,1,True,Route forced through TN buffer via minor TN33.,7389.087296526012,7.389087296526013,2180.1647388250967,126,7302,5.142665147781372,,,False,False,True,,,,,,,,,,,,,,,,True,158.11388300841898,,True,0.0,minor,TN33,126,126,108.43494882292201,108.43494882292201,37.5241393811128,37.5241393811128,False,,,,,0,85,0.0,0.4400780142320191,0.5599219857679809,,,output/05_master_corridor_theta/route_nodes/DK02_to_DK04_backward_main_01.csv
v1_corridor,DK02_to_DK04,backward_backup_01,DK04,DK02,backward,backup,1,True,"Path found. [safe fallback attempted] Soft buffer: 34 narrow sample(s), 3 crossing(s), min clearance 0.8 m (target 50 m).",7435.533905932738,7.435533905932738,3728.4146786115075,129,2333,1.733715295791626,92.37254917138716,False,False,True,True,,,92.37254917138716,,,,250.0,False,0.7945962610261855,34.0,3.0,"(3764,4386);(3774,4376);(3800,4331)",57.6650390625,15.0,46.446609406725656,,,,,,,,129,129,,,,,False,,,,,0,0,0.0,0.41330615822753675,0.5866938417724633,0.07018628704347642,1.056149029634781,output/05_master_corridor_theta/route_nodes/DK02_to_DK04_backward_backup_01.csv
v1_corridor,DK02_to_DK05,forward_main_01,DK02,DK05,forward,main,1,True,Route forced through FLZ buffer via FLZ04.,3969.8484809835004,3.9698484809835004,1578.7515830774291,63,6377,5.640758514404297,,,False,False,True,,,,,,,,,,,,,,,,True,0.0,FLZ04,True,0.0,major,,64,63,143.13010235415598,115.05761541830302,51.2976844342957,46.000797980144135,True,,,,,0,0,0.0,0.5067672015878533,0.49323279841214673,,,output/05_master_corridor_theta/route_nodes/DK02_to_DK05_forward_main_01.csv
v1_corridor,DK02_to_DK05,forward_backup_01,DK02,DK05,forward,backup,1,True,Path found. [safe fallback attempted],2643.5028842544407,2.6435028842544406,1570.4638919466797,46,974,1.0227439403533936,115.43901911597726,False,False,False,True,,,106.72553536466184,,,,250.0,True,50.0,0.0,0.0,,1.0,2.0,-1355.6349186104053,,,,,,,,46,46,,,,,False,,,,,0,0,0.0,0.422578496814629,0.577421503185371,0.009821626464424051,1.0078573011715393,output/05_master_corridor_theta/route_nodes/DK02_to_DK05_forward_backup_01.csv
v1_corridor,DK02_to_DK05,backward_main_01,DK05,DK02,backward,main,1,True,Path found. [safe fallback attempted],4726.34559672906,4.72634559672906,2384.109487133059,86,1805,1.735492467880249,,,False,False,True,150.0,,,,,,,,,,,,,,,True,100.0,,True,0.0,major,,86,86,90.0,54.549133928735934,48.072491470487,27.53469499927891,True,,,,strict_lock,0,63,0.0,0.4250898510586951,0.5749101489413049,0.011105391596837738,1.00888431327747,output/05_master_corridor_theta/route_nodes/DK02_to_DK05_backward_main_01.csv
v1_corridor,DK02_to_DK05,backward_backup_01,DK05,DK02,backward,backup,1,True,"Path found. [safe fallback attempted] Soft buffer: 57 narrow sample(s), 23 crossing(s), min clearance 0.0 m (target 50 m).",4567.76695296637,4.56776695296637,4342.793183627757,82,1464,1.4083616733551025,71.16969290039675,False,False,False,True,,,89.0868925802574,,,,206.15528128088303,False,0.0,57.0,23.0,"(4960,2410);(4968,2418);(4982,2432);(4996,2446);(3845,3500);(3835,3500);(3825,3500);(3815,3500);(3805,3500);(3795,3500);(3785,3500);(3775,3500);(3765,3500);(3755,3500);(3149,3349);(3142,3342);(3135,3335);(3128,3328);(3121,3321);(3114,3314);(3107,3307);(3100,3299);(3155,2655)",57.6650390625,7.0,-365.68542494923713,,,,,,,,82,82,,,,,False,,,,,0,0,0.0,0.43670350954708925,0.5632964904529107,0.00553773261684692,1.0044301860934777,output/05_master_corridor_theta/route_nodes/DK02_to_DK05_backward_backup_01.csv
v1_corridor,DK02_to_DK06,forward_main_01,DK02,DK06,forward,main,1,True,Route forced through FLZ buffer via FLZ04.,3650.609665440988,3.650609665440988,1205.9545352014252,62,3002,2.967313051223755,,,False,False,True,,,,,,,,,,,,,,,,True,0.0,FLZ04,True,0.0,major,,64,62,171.86989764584402,101.88865803962794,45.959968506413546,36.78437908887425,True,,,,,0,0,0.0,0.7210069733331308,0.2789930266668691,,,output/05_master_corridor_theta/route_nodes/DK02_to_DK06_forward_main_01.csv
v1_corridor,DK02_to_DK06,forward_backup_01,DK02,DK06,forward,backup,1,True,"Path found. [safe fallback attempted] Soft buffer: 0 narrow sample(s), 2 crossing(s), min clearance 50.0 m (target 50 m).",2648.528137423857,2.648528137423857,1262.2453546452582,49,843,0.926302433013916,101.9136239610166,False,False,False,True,,,100.14808891369641,,,,250.0,False,50.0,0.0,2.0,"(3054,2646);(3100,2595)",57.6650390625,8.0,-1102.0815280171314,,,,,,,,49,49,,,,,False,,,,,0,0,0.0,0.6397449297590897,0.36025507024091025,0.021382091829734974,1.017105673463788,output/05_master_corridor_theta/route_nodes/DK02_to_DK06_forward_backup_01.csv
v1_corridor,DK02_to_DK06,backward_main_01,DK06,DK02,backward,main,1,True,Path found. [safe fallback attempted],3243.5028842544407,3.2435028842544407,1290.6651059619721,58,2477,1.6432249546051025,,,False,False,True,0.0,,,,,,,,,,,,,,,True,206.15528128088303,,True,0.0,major,,59,58,101.3099324740202,73.30075576600639,53.090286622722246,37.88201814350745,True,,,,strict_lock,0,41,0.0,0.6972568143666364,0.3027431856333636,0.02257704212912866,1.018061633703303,output/05_master_corridor_theta/route_nodes/DK02_to_DK06_backward_main_01.csv
v1_corridor,DK02_to_DK06,backward_backup_01,DK06,DK02,backward,backup,1,True,Path found. [safe fallback attempted],3797.056274847714,3.797056274847714,1452.970398893863,67,822,0.6627726554870605,65.07957516863951,False,False,False,True,,,66.93916776853358,,,,200.0,True,50.0,0.0,0.0,,17.0859375,12.0,441.4213562373093,,,,,,,,67,67,,,,,False,,,,,0,0,0.0,0.7055316964307314,0.2944683035692687,0.03617243916222259,1.0289379513297778,output/05_master_corridor_theta/route_nodes/DK02_to_DK06_backward_backup_01.csv
v1_corridor,DK03_to_DK04,forward_main_01,DK03,DK04,forward,main,1,True,Path found. [safe fallback attempted],2377.8174593052026,2.3778174593052026,858.3273117634601,44,2104,2.0204763412475586,,,False,False,True,,,,,,,,,,,,,,,,True,158.11388300841898,,True,0.0,major,,44,44,63.43494882292201,63.43494882292201,40.47602701039191,36.92009587295496,True,,,,,0,0,0.0,0.7207702723239016,0.2792297276760982,0.0483531874814074,1.038682549985126,output/05_master_corridor_theta/route_nodes/DK03_to_DK04_forward_main_01.csv
v1_corridor,DK03_to_DK04,forward_backup_01,DK03,DK04,forward,backup,1,True,Path found. [safe fallback attempted],2219.238815542512,2.219238815542512,1040.37461941151,40,566,0.7039251327514648,40.38391973670658,False,False,False,True,,,54.14213562373095,,,,100.0,True,50.0,0.0,0.0,,1.0,2.0,-158.57864376269072,,,,,,,,40,40,,,,,False,,,,,0,0,0.0,0.6986080001825808,0.30139199981741915,0.048353426620434924,1.038682741296348,output/05_master_corridor_theta/route_nodes/DK03_to_DK04_forward_backup_01.csv
v1_corridor,DK03_to_DK04,backward_main_01,DK04,DK03,backward,main,1,True,Route forced through FLZ buffer via FLZ02.,5789.087296526012,5.789087296526012,2013.9796660723437,94,6578,5.885984182357788,,,False,False,True,,,,,,,,,,,,,,,,True,0.0,FLZ02,True,0.0,major,,94,94,180.0,180.0,22.390529907163366,16.955411691664356,True,,,,,0,51,0.0,0.5818420600736954,0.41815793992630457,,,output/05_master_corridor_theta/route_nodes/DK03_to_DK04_backward_main_01.csv
v1_corridor,DK03_to_DK04,backward_backup_01,DK04,DK03,backward,backup,1,True,"Path found. [safe fallback attempted] Soft buffer: 0 narrow sample(s), 18 crossing(s), min clearance 50.0 m (target 50 m).",2189.949493661167,2.189949493661167,1308.6415700171358,39,690,0.7959592342376709,65.58650685332768,False,False,False,True,,,62.508214362130126,,,,141.4213562373095,False,50.0,0.0,18.0,"(2104,1601);(2143,1600);(2252,1501);(2292,1500);(2401,1402);(2450,1398);(2500,1352);(2549,1348);(2504,704);(2550,1348);(2501,1352);(2450,1398);(2402,1401);(2293,1500);(2253,1501);(2144,1600);(2104,1600);(1798,1796)",57.6650390625,9.0,-3599.1378028648455,,,,,,,,39,39,,,,,False,,,,,0,0,0.0,0.4823647603608799,0.5176352396391203,0.16070274805009407,1.128562198440075,output/05_master_corridor_theta/route_nodes/DK03_to_DK04_backward_backup_01.csv
v1_corridor,DK03_to_DK05,forward_main_01,DK03,DK05,forward,main,1,True,Path found. [safe fallback attempted],6052.691193458119,6.052691193458119,1994.4297672065409,103,6714,4.456398248672485,,,False,False,True,,,,,,,,,,,,,,,,True,100.0,,True,0.0,major,,103,103,77.47119229084849,48.366460663429805,41.80311574626723,31.6757053672535,True,,,,,0,0,0.0,0.4693589382759276,0.5306410617240724,0.19981406295653983,1.1598512503652318,output/05_master_corridor_theta/route_nodes/DK03_to_DK05_forward_main_01.csv
v1_corridor,DK03_to_DK05,forward_backup_01,DK03,DK05,forward,backup,1,True,Path found. [safe fallback attempted],5711.269837220809,5.711269837220809,3043.334064222253,97,1844,1.4129393100738525,93.61766335022213,False,False,False,True,,,74.01412470686613,,,,250.0,True,50.0,0.0,0.0,,1.0,2.0,-631.370849898477,,,,,,,,97,97,,,,,False,,,,,0,0,0.0,0.49466715716967846,0.5053328428303215,0.2615760320673884,1.2092608256539106,output/05_master_corridor_theta/route_nodes/DK03_to_DK05_forward_backup_01.csv
v1_corridor,DK03_to_DK05,backward_main_01,DK05,DK03,backward,main,1,True,Path found. [safe fallback attempted],5847.665940288703,5.847665940288703,3429.717224174458,96,6568,4.401591062545776,,,False,False,True,200.0,,,,,,,,,,,,,,,True,100.0,,True,0.0,major,,98,96,90.0,90.0,57.538105808595745,48.46566520907296,True,,,,strict_lock,0,72,0.0,0.575221028585939,0.4247789714140609,0.24990389823531584,1.1999231185882528,output/05_master_corridor_theta/route_nodes/DK03_to_DK05_backward_main_01.csv
v1_corridor,DK03_to_DK05,backward_backup_01,DK05,DK03,backward,backup,1,True,"Path found. [safe fallback attempted] Soft buffer: 39 narrow sample(s), 5 crossing(s), min clearance 1.4 m (target 50 m).",5957.716446627536,5.957716446627536,3996.547683739344,104,1840,1.3831958770751953,97.69526647051288,False,False,False,True,,,110.88311203216624,,,,250.0,False,1.3566846135966153,39.0,5.0,"(4805,2105);(4127,2523);(4106,2544);(4028,2622);(3260,2760)",57.6650390625,12.0,-72.79220613578491,,,,,,,,104,104,,,,,False,,,,,0,0,0.0,0.594022299748836,0.40597770025116386,0.26507530989753764,1.21206024791803,output/05_master_corridor_theta/route_nodes/DK03_to_DK05_backward_backup_01.csv
v1_corridor,DK03_to_DK06,forward_main_01,DK03,DK06,forward,main,1,True,Route forced through FLZ buffer via FLZ02.,4611.26983722081,4.61126983722081,1625.988496835795,75,4133,3.804490804672241,,,False,False,True,,,,,,,,,,,,,,,,True,0.0,FLZ02,True,0.0,major,,75,75,71.56505117707799,63.43494882292201,40.93672448223382,33.70200626877447,True,,,,,0,0,0.0,0.6237486143183285,0.3762513856816715,,,output/05_master_corridor_theta/route_nodes/DK03_to_DK06_forward_main_01.csv
v1_corridor,DK03_to_DK06,forward_backup_01,DK03,DK06,forward,backup,1,True,Path found. [safe fallback attempted],3887.005768508881,3.887005768508881,1957.1707821616585,63,1146,1.16752290725708,101.41674522257826,False,False,False,True,,,95.50132275757636,,,,250.0,True,50.0,0.0,0.0,,1.0,2.0,-724.2640687119278,,,,,,,,63,63,,,,,False,,,,,0,0,0.0,0.5309766586206262,0.46902334137937385,0.18537675653405386,1.1483014052272427,output/05_master_corridor_theta/route_nodes/DK03_to_DK06_forward_backup_01.csv
v1_corridor,DK03_to_DK06,backward_main_01,DK06,DK03,backward,main,1,True,Path found. [safe fallback attempted],4562.741699796952,4.562741699796952,2697.63953584291,79,4082,3.4591801166534424,,,False,False,True,200.0,,,,,,,,,,,,,,,True,223.60679774997897,,True,0.0,major,,84,79,104.03624346792648,75.96375653207352,45.93680422443328,23.904395147531716,True,,,,strict_lock,0,66,0.0,0.5018596291285073,0.4981403708714926,0.1786407169818697,1.1429125735854957,output/05_master_corridor_theta/route_nodes/DK03_to_DK06_backward_main_01.csv
v1_corridor,DK03_to_DK06,backward_backup_01,DK06,DK03,backward,backup,1,True,"Path found. [safe fallback attempted] Soft buffer: 15 narrow sample(s), 3 crossing(s), min clearance 1.0 m (target 50 m).",4721.320343559642,4.7213203435596425,2861.6541479809193,83,1338,1.0329525470733643,48.459457050287185,False,False,False,True,,,63.3694104379903,,,,206.15528128088303,False,0.9955160211892558,15.0,3.0,"(3776,126);(2464,214);(2492,242)",57.6650390625,14.0,-153.55339059327434,,,,,,,,83,83,,,,,False,,,,,0,0,0.0,0.4870038839977647,0.5129961160022353,0.19839925721321372,1.158719405770571,output/05_master_corridor_theta/route_nodes/DK03_to_DK06_backward_backup_01.csv
v1_corridor,DK04_to_DK05,forward_main_01,DK04,DK05,forward,main,1,True,Path found. [safe fallback attempted],6713.351365237941,6.713351365237941,1978.328470798163,110,6539,5.495484113693237,,,False,False,True,,,,,,,,,,,,,,,,True,100.0,,True,0.0,major,,110,110,63.43494882292201,55.30484646876602,39.16222722414665,33.529826704243,True,,,,,0,0,0.0,0.5101115414044856,0.48988845859551444,0.14975444081027814,1.1198035526482226,output/05_master_corridor_theta/route_nodes/DK04_to_DK05_forward_main_01.csv
v1_corridor,DK04_to_DK05,forward_backup_01,DK04,DK05,forward,backup,1,True,Path found. [safe fallback attempted],6364.823227814083,6.3648232278140835,3090.551174377386,108,2024,1.9006800651550293,69.46186363649801,False,False,False,True,,,71.49185266929905,,,,250.0,True,50.0,0.0,0.0,,11.390625,9.0,-348.5281374238584,,,,,,,,108,108,,,,,False,,,,,0,0,0.0,0.5405279265442025,0.45947207345579755,0.19532519274830554,1.1562601541986444,output/05_master_corridor_theta/route_nodes/DK04_to_DK05_forward_backup_01.csv
v1_corridor,DK04_to_DK05,backward_main_01,DK05,DK04,backward,main,1,True,Path found. [safe fallback attempted],5845.584412271572,5.845584412271571,2148.6275145141044,103,4677,3.2769384384155273,,,False,False,True,0.0,,,,,,,,,,,,,,,True,150.0,,True,0.0,minor,,103,103,71.56505117707799,71.56505117707799,41.32376842143448,41.32376842143448,False,,,,strict_lock,0,76,0.0,0.43436405304585424,0.5656359469541459,0.00920268194158324,1.0073621455532662,output/05_master_corridor_theta/route_nodes/DK04_to_DK05_backward_main_01.csv
v1_corridor,DK04_to_DK05,backward_backup_01,DK05,DK04,backward,backup,1,True,"Path found. [safe fallback attempted] Soft buffer: 61 narrow sample(s), 22 crossing(s), min clearance 0.0 m (target 50 m).",6240.559159102155,6.240559159102155,4382.000122014419,108,1844,1.3512921333312988,85.04310817564047,False,False,False,True,,,85.04310817564047,,,,250.0,False,0.0,61.0,22.0,"(4757,3107);(4792,3142);(4327,3873);(4320,3880);(4313,3887);(4299,3901);(4285,3915);(4257,3943);(4229,3950);(3745,4000);(3735,4000);(3725,4000);(3715,4000);(3705,4000);(3696,4000);(3686,4000);(3676,4000);(3666,4000);(3656,4000);(2955,3750);(2904,3704);(2875,3700)",57.6650390625,7.0,394.9747468305832,,,,,,,,108,108,,,,,False,,,,,0,0,0.0,0.4358240596647517,0.5641759403352482,0.011971098569061605,1.0095768788552493,output/05_master_corridor_theta/route_nodes/DK04_to_DK05_backward_backup_01.csv
v1_corridor,DK04_to_DK06,forward_main_01,DK04,DK06,forward,main,1,True,Route forced through FLZ buffer via FLZ04.,6452.6911934581185,6.452691193458119,1651.986219413913,111,5110,3.8564751148223877,,,False,False,True,,,,,,,,,,,,,,,,True,0.0,FLZ04,True,0.0,major,,112,111,180.0,161.565051177078,29.01610921566378,23.414325543605507,True,,,,,0,0,0.0,0.6413168142222782,0.3586831857777218,,,output/05_master_corridor_theta/route_nodes/DK04_to_DK06_forward_main_01.csv
v1_corridor,DK04_to_DK06,forward_backup_01,DK04,DK06,forward,backup,1,True,"Path found. [safe fallback attempted] Soft buffer: 21 narrow sample(s), 27 crossing(s), min clearance 0.5 m (target 50 m).",3409.1883092036787,3.4091883092036785,1686.141146327476,58,1105,0.9210729598999023,51.550853338985625,False,False,False,True,,,61.66113097808723,,,,100.0,False,0.5365375840874063,21.0,27.0,"(2425,1475);(2442,1492);(2506,1506);(2513,1513);(2847,1697);(2854,1754);(2896,1797);(2904,1953);(2946,1996);(3003,2302);(3045,2345);(3053,2401);(3094,2444);(3054,2646);(3093,2443);(3058,2408);(3044,2344);(3008,2308);(2949,2003);(2903,1952);(2895,1795);(2853,1753);(2846,1696);(2598,1547);(2553,1349);(2601,1299);(2615,1285)",57.6650390625,10.0,-3155.6349186104044,,,,,,,,58,58,,,,,False,,,,,0,0,0.0,0.5380616592184888,0.4619383407815112,0.132466404294354,1.105973123435483,output/05_master_corridor_theta/route_nodes/DK04_to_DK06_forward_backup_01.csv
v1_corridor,DK04_to_DK06,backward_main_01,DK06,DK04,backward,main,1,True,Path found. [safe fallback attempted],3662.7416997969526,3.6627416997969524,1699.1053717830873,61,6265,4.297667503356934,,,False,False,True,0.0,,,,,,,,,,,,,,,True,427.20018726587654,,True,35.35533905932738,major,,64,61,90.0,51.34019174590992,50.95155844335122,31.944322061779616,True,,,,strict_lock,0,56,0.0,0.5935994057476721,0.4064005942523279,0.1719620622721813,1.137569649817745,output/05_master_corridor_theta/route_nodes/DK04_to_DK06_backward_main_01.csv
v1_corridor,DK04_to_DK06,backward_backup_01,DK06,DK04,backward,backup,1,True,"Path found. [safe fallback attempted] Soft buffer: 48 narrow sample(s), 2 crossing(s), min clearance 35.4 m (target 50 m).",3409.1883092036783,3.409188309203678,1276.6863152306537,58,853,0.7352864742279053,66.57633030815609,False,False,False,True,,,70.32042147238678,,,,111.80339887498948,False,35.355339059327214,48.0,2.0,"(2304,1353);(2346,1402)",57.6650390625,9.0,-424.26406871192876,,,,,,,,58,58,,,,,False,,,,,0,0,0.0,0.55249973538963,0.44750026461036996,0.14547720300169337,1.1163817624013548,output/05_master_corridor_theta/route_nodes/DK04_to_DK06_backward_backup_01.csv
v1_corridor,DK05_to_DK06,forward_main_01,DK05,DK06,forward,main,1,True,Route forced through FLZ buffer via FLZ04.,5864.823227814083,5.8648232278140835,1887.4609145422132,98,4652,3.4505550861358643,,,False,False,True,,,,,,,,,,,,,,,,True,0.0,FLZ04,True,0.0,major,,99,98,135.0,63.43494882292201,43.83855680654915,37.512965352911365,True,,,,,0,0,0.0,0.5482283080438212,0.45177169195617883,,,output/05_master_corridor_theta/route_nodes/DK05_to_DK06_forward_main_01.csv
v1_corridor,DK05_to_DK06,forward_backup_01,DK05,DK06,forward,backup,1,True,Path found. [safe fallback attempted],4833.452377915607,4.833452377915607,2466.543025340497,84,1410,1.106147050857544,87.09696162005682,False,False,False,True,,,81.31401426652243,,,,250.0,True,50.0,0.0,0.0,,1.0,2.0,-1102.081528017131,,,,,,,,84,84,,,,,False,,,,,0,0,0.0,0.5432709424062944,0.4567290575937057,0.14447938205575206,1.1155835056446015,output/05_master_corridor_theta/route_nodes/DK05_to_DK06_forward_backup_01.csv
v1_corridor,DK05_to_DK06,backward_main_01,DK06,DK05,backward,main,1,True,Path found. [safe fallback attempted],5762.741699796953,5.762741699796953,3047.0037093328606,103,4214,2.5901052951812744,,,False,False,True,150.0,,,,,,,,,,,,,,,True,100.0,,True,0.0,major,,103,103,90.0,45.0,45.59375136240848,37.2510120670865,True,,,,strict_lock,0,78,0.0,0.4357655558104849,0.5642344441895152,0.09514942275272427,1.0761195382021795,output/05_master_corridor_theta/route_nodes/DK05_to_DK06_backward_main_01.csv
v1_corridor,DK05_to_DK06,backward_backup_01,DK06,DK05,backward,backup,1,True,"Path found. [safe fallback attempted] Soft buffer: 57 narrow sample(s), 20 crossing(s), min clearance 0.0 m (target 50 m).",5779.898987322333,5.7798989873223325,4999.999818641238,105,2257,1.509277105331421,74.0482944310329,False,False,False,True,,,90.74567305115004,,,,200.0,False,0.0,57.0,20.0,"(3105,3305);(3112,3312);(3119,3319);(3126,3326);(3133,3333);(3141,3341);(3148,3348);(3275,3475);(3754,3500);(3764,3500);(3774,3500);(3784,3500);(3794,3500);(3804,3500);(3814,3500);(3824,3500);(3834,3500);(3844,3500);(4996,2446);(4982,2432)",57.6650390625,7.0,-65.68542494923895,,,,,,,,105,105,,,,,False,,,,,0,0,0.0,0.4658428767920779,0.5341571232079221,0.06663190235769859,1.053305521886159,output/05_master_corridor_theta/route_nodes/DK05_to_DK06_backward_backup_01.csv
