route_id,pair,route_key,direction,route_type,route_rank,route_length_m,n_nodes,n_clusters_touched,cluster_sequence,cluster_coverage_sequence
DB01_to_DB02_backward_backup_01,DB01_to_DB02,backward_backup_01,backward,backup,1,3807.716446627536,61,2,1;0,1:0.098;0:0.328
DB01_to_DB02_backward_backup_02,DB01_to_DB02,backward_backup_02,backward,backup,2,3937.0057685088814,64,2,1;0,1:0.094;0:0.266
DB01_to_DB02_backward_main_01,DB01_to_DB02,backward_main_01,backward,main,1,3707.7164466275353,59,2,1;0,1:0.169;0:0.407
DB01_to_DB02_backward_main_02,DB01_to_DB02,backward_main_02,backward,main,2,3766.295090390226,61,2,1;0,1:0.098;0:0.311
DB01_to_DB02_backward_main_04,DB01_to_DB02,backward_main_04,backward,main,4,3127.8174593052026,59,2,1;0,1:0.085;0:0.119
DB01_to_DB02_forward_backup_01,DB01_to_DB02,forward_backup_01,forward,backup,1,3198.5281374238575,60,2,0;1,0:0.117;1:0.100
DB01_to_DB02_forward_backup_02,DB01_to_DB02,forward_backup_02,forward,backup,2,6592.640687119286,108,2,0;1,0:0.491;1:0.056
DB01_to_DB02_forward_main_01,DB01_to_DB02,forward_main_01,forward,main,1,3127.817459305202,59,2,0;1,0:0.119;1:0.288
DB01_to_DB02_forward_main_02,DB01_to_DB02,forward_main_02,forward,main,2,6451.219330881976,106,2,0;1,0:0.547;1:0.038
DB01_to_DB02_forward_main_04,DB01_to_DB02,forward_main_04,forward,main,4,3127.817459305202,59,2,0;1,0:0.119;1:0.288
DB01_to_DK01_backward_backup_01,DB01_to_DK01,backward_backup_01,backward,backup,1,3583.452377915607,59,1,0,0:0.542
DB01_to_DK01_backward_backup_02,DB01_to_DK01,backward_backup_02,backward,backup,2,4266.2950903902265,71,1,0,0:0.282
DB01_to_DK01_backward_main_01,DB01_to_DK01,backward_main_01,backward,main,1,3583.452377915607,59,1,0,0:0.424
DB01_to_DK01_backward_main_02,DB01_to_DK01,backward_main_02,backward,main,2,3695.5844122715716,60,1,0,0:0.567
DB01_to_DK01_backward_main_03,DB01_to_DK01,backward_main_03,backward,main,3,2410.6601717798217,43,1,0,0:0.674
DB01_to_DK01_backward_main_04,DB01_to_DK01,backward_main_04,backward,main,4,2410.6601717798217,43,1,0,0:0.674
DB01_to_DK01_forward_backup_01,DB01_to_DK01,forward_backup_01,forward,backup,1,3554.163056034262,58,1,0,0:0.603
DB01_to_DK01_forward_backup_02,DB01_to_DK01,forward_backup_02,forward,backup,2,3924.8737341529163,65,1,0,0:0.385
DB01_to_DK01_forward_main_01,DB01_to_DK01,forward_main_01,forward,main,1,3454.1630560342624,56,1,0,0:0.750
DB01_to_DK01_forward_main_02,DB01_to_DK01,forward_main_02,forward,main,2,3683.452377915607,61,1,0,0:0.459
DB01_to_DK01_forward_main_04,DB01_to_DK01,forward_main_04,forward,main,4,2410.660171779821,43,1,0,0:0.674
DB01_to_DK02_backward_backup_01,DB01_to_DK02,backward_backup_01,backward,backup,1,5806.244584051394,96,1,0,0:0.458
DB01_to_DK02_backward_backup_02,DB01_to_DK02,backward_backup_02,backward,backup,2,7347.665940288703,126,1,0,0:0.206
DB01_to_DK02_backward_main_01,DB01_to_DK02,backward_main_01,backward,main,1,5552.691193458119,93,1,0,0:0.903
DB01_to_DK02_backward_main_02,DB01_to_DK02,backward_main_02,backward,main,2,6852.691193458119,119,1,0,0:0.437
DB01_to_DK02_backward_main_04,DB01_to_DK02,backward_main_04,backward,main,4,2984.9242404917495,52,1,0,0:0.558
DB01_to_DK02_forward_backup_01,DB01_to_DK02,forward_backup_01,forward,backup,1,5474.873734152917,96,1,0,0:0.688
DB01_to_DK02_forward_backup_02,DB01_to_DK02,forward_backup_02,forward,backup,2,6540.559159102155,114,1,0,0:0.570
DB01_to_DK02_forward_backup_03,DB01_to_DK02,forward_backup_03,forward,backup,3,6381.980515339464,110,1,0,0:0.227
DB01_to_DK02_forward_main_01,DB01_to_DK02,forward_main_01,forward,main,1,5374.873734152917,94,1,0,0:0.745
DB01_to_DK02_forward_main_02,DB01_to_DK02,forward_main_02,forward,main,2,6469.8484809835,113,1,0,0:0.717
DB01_to_DK02_forward_main_03,DB01_to_DK02,forward_main_03,forward,main,3,6099.137802864846,106,1,0,0:0.226
DB01_to_DK02_forward_main_04,DB01_to_DK02,forward_main_04,forward,main,4,2984.92424049175,52,1,0,0:0.558
DB01_to_DK03_backward_backup_01,DB01_to_DK03,backward_backup_01,backward,backup,1,5834.92424049175,109,2,0;1,0:0.156;1:0.037
DB01_to_DK03_backward_backup_02,DB01_to_DK03,backward_backup_02,backward,backup,2,4395.584412271572,74,1,0,0:0.378
DB01_to_DK03_backward_main_01,DB01_to_DK03,backward_main_01,backward,main,1,5510.660171779822,105,2,0;1,0:0.448;1:0.038
DB01_to_DK03_backward_main_02,DB01_to_DK03,backward_main_02,backward,main,2,4012.741699796952,68,1,0,0:0.529
DB01_to_DK03_backward_main_03,DB01_to_DK03,backward_main_03,backward,main,3,3824.8737341529168,63,1,0,0:0.286
DB01_to_DK03_backward_main_04,DB01_to_DK03,backward_main_04,backward,main,4,3824.8737341529168,63,1,0,0:0.286
DB01_to_DK03_forward_backup_01,DB01_to_DK03,forward_backup_01,forward,backup,1,3971.320343559643,68,1,0,0:0.618
DB01_to_DK03_forward_backup_02,DB01_to_DK03,forward_backup_02,forward,backup,2,4029.898987322333,70,1,0,0:0.443
DB01_to_DK03_forward_main_01,DB01_to_DK03,forward_main_01,forward,main,1,3942.0310216782973,67,1,0,0:0.537
DB01_to_DK03_forward_main_02,DB01_to_DK03,forward_main_02,forward,main,2,4000.609665440988,69,1,0,0:0.362
DB01_to_DK03_forward_main_04,DB01_to_DK03,forward_main_04,forward,main,4,3824.8737341529168,63,1,0,0:0.286
DB01_to_DK04_backward_backup_01,DB01_to_DK04,backward_backup_01,backward,backup,1,6704.772721475249,109,1,0,0:0.541
DB01_to_DK04_backward_main_01,DB01_to_DK04,backward_main_01,backward,main,1,6663.351365237941,109,1,0,0:0.514
DB01_to_DK04_backward_main_03,DB01_to_DK04,backward_main_03,backward,main,3,1298.5281374238575,22,1,0,0:0.364
DB01_to_DK04_backward_main_04,DB01_to_DK04,backward_main_04,backward,main,4,1298.5281374238575,22,1,0,0:0.364
DB01_to_DK04_forward_backup_01,DB01_to_DK04,forward_backup_01,forward,backup,1,5019.848480983501,84,1,0,0:0.524
DB01_to_DK04_forward_backup_02,DB01_to_DK04,forward_backup_02,forward,backup,2,7529.036790187178,123,1,0,0:0.455
DB01_to_DK04_forward_main_01,DB01_to_DK04,forward_main_01,forward,main,1,5019.8484809835,84,1,0,0:0.643
DB01_to_DK04_forward_main_02,DB01_to_DK04,forward_main_02,forward,main,2,7358.326112068524,120,1,0,0:0.483
DB01_to_DK04_forward_main_04,DB01_to_DK04,forward_main_04,forward,main,4,1298.5281374238575,22,1,0,0:0.364
DB01_to_DK05_backward_backup_01,DB01_to_DK05,backward_backup_01,backward,backup,1,7330.508652763321,124,2,0;1,0:0.274;1:0.032
DB01_to_DK05_backward_main_01,DB01_to_DK05,backward_main_01,backward,main,1,6835.533905932738,117,2,0;1,0:0.453;1:0.034
DB01_to_DK05_backward_main_03,DB01_to_DK05,backward_main_03,backward,main,3,3679.8989873223336,63,1,0,0:0.810
DB01_to_DK05_backward_main_04,DB01_to_DK05,backward_main_04,backward,main,4,3679.8989873223336,63,1,0,0:0.810
DB01_to_DK05_forward_backup_01,DB01_to_DK05,forward_backup_01,forward,backup,1,4850.6096654409885,86,1,0,0:0.709
DB01_to_DK05_forward_backup_02,DB01_to_DK05,forward_backup_02,forward,backup,2,5092.031021678297,90,1,0,0:0.478
DB01_to_DK05_forward_backup_03,DB01_to_DK05,forward_backup_03,forward,backup,3,5345.584412271572,93,1,0,0:0.290
DB01_to_DK05_forward_main_01,DB01_to_DK05,forward_main_01,forward,main,1,4821.320343559642,85,1,0,0:0.741
DB01_to_DK05_forward_main_02,DB01_to_DK05,forward_main_02,forward,main,2,4879.898987322333,87,1,0,0:0.644
DB01_to_DK05_forward_main_03,DB01_to_DK05,forward_main_03,forward,main,3,5062.741699796952,89,1,0,0:0.236
DB01_to_DK06_backward_backup_01,DB01_to_DK06,backward_backup_01,backward,backup,1,5542.031021678298,99,1,0,0:0.434
DB01_to_DK06_backward_backup_02,DB01_to_DK06,backward_backup_02,backward,backup,2,8492.640687119285,146,2,0;1,0:0.295;1:0.007
DB01_to_DK06_backward_main_01,DB01_to_DK06,backward_main_01,backward,main,1,9099.747468305834,154,1,0,0:0.299
DB01_to_DK06_backward_main_02,DB01_to_DK06,backward_main_02,backward,main,2,8109.797974644666,140,2,0;1,0:0.286;1:0.007
DB01_to_DK06_backward_main_03,DB01_to_DK06,backward_main_03,backward,main,3,3222.792206135786,58,1,0,0:0.534
DB01_to_DK06_backward_main_04,DB01_to_DK06,backward_main_04,backward,main,4,3222.792206135786,58,1,0,0:0.534
DB01_to_DK06_forward_backup_01,DB01_to_DK06,forward_backup_01,forward,backup,1,3717.766952966369,65,1,0,0:0.615
DB01_to_DK06_forward_backup_02,DB01_to_DK06,forward_backup_02,forward,backup,2,9906.85424949238,166,2,1;0,1:0.018;0:0.102
DB01_to_DK06_forward_main_01,DB01_to_DK06,forward_main_01,forward,main,1,3788.477631085024,66,1,0,0:0.667
DB01_to_DK06_forward_main_02,DB01_to_DK06,forward_main_02,forward,main,2,10006.85424949238,168,2,1;0,1:0.024;0:0.095
DB01_to_DK06_forward_main_03,DB01_to_DK06,forward_main_03,forward,main,3,3222.792206135786,58,1,0,0:0.534
DB01_to_DK06_forward_main_04,DB01_to_DK06,forward_main_04,forward,main,4,3222.792206135786,58,1,0,0:0.534
DB02_to_DK01_backward_backup_01,DB02_to_DK01,backward_backup_01,backward,backup,1,4281.980515339464,68,2,0;1,0:0.485;1:0.059
DB02_to_DK01_backward_backup_02,DB02_to_DK01,backward_backup_02,backward,backup,2,3574.8737341529168,58,2,0;1,0:0.241;1:0.155
DB02_to_DK01_backward_main_01,DB02_to_DK01,backward_main_01,backward,main,1,4040.559159102155,64,2,0;1,0:0.594;1:0.062
DB02_to_DK01_backward_main_02,DB02_to_DK01,backward_main_02,backward,main,2,3757.7164466275353,60,2,0;1,0:0.267;1:0.100
DB02_to_DK01_backward_main_03,DB02_to_DK01,backward_main_03,backward,main,3,3140.559159102155,46,2,0;1,0:0.478;1:0.217
DB02_to_DK01_backward_main_04,DB02_to_DK01,backward_main_04,backward,main,4,3140.559159102155,46,2,0;1,0:0.478;1:0.217
DB02_to_DK01_forward_backup_01,DB02_to_DK01,forward_backup_01,forward,backup,1,3316.295090390226,52,2,1;0,1:0.154;0:0.346
DB02_to_DK01_forward_backup_02,DB02_to_DK01,forward_backup_02,forward,backup,2,3433.452377915607,56,2,1;0,1:0.196;0:0.286
DB02_to_DK01_forward_main_01,DB02_to_DK01,forward_main_01,forward,main,1,3287.005768508881,51,2,1;0,1:0.137;0:0.392
DB02_to_DK01_forward_main_02,DB02_to_DK01,forward_main_02,forward,main,2,3433.452377915607,56,2,1;0,1:0.161;0:0.232
DB02_to_DK01_forward_main_04,DB02_to_DK01,forward_main_04,forward,main,4,3140.559159102155,46,2,1;0,1:0.217;0:0.478
DB02_to_DK02_backward_backup_01,DB02_to_DK02,backward_backup_01,backward,backup,1,6139.087296526011,101,2,0;1,0:0.574;1:0.040
DB02_to_DK02_backward_backup_02,DB02_to_DK02,backward_backup_02,backward,backup,2,6921.930009000631,115,2,0;1,0:0.296;1:0.043
DB02_to_DK02_backward_main_01,DB02_to_DK02,backward_main_01,backward,main,1,5897.665940288703,97,2,0;1,0:0.711;1:0.041
DB02_to_DK02_backward_main_02,DB02_to_DK02,backward_main_02,backward,main,2,6439.087296526012,107,2,0;1,0:0.486;1:0.037
DB02_to_DK02_backward_main_04,DB02_to_DK02,backward_main_04,backward,main,4,5331.980515339465,89,2,0;1,0:0.674;1:0.202
DB02_to_DK02_forward_backup_01,DB02_to_DK02,forward_backup_01,forward,backup,1,6556.244584051393,111,2,1;0,1:0.054;0:0.297
DB02_to_DK02_forward_main_01,DB02_to_DK02,forward_main_01,forward,main,1,5331.980515339465,89,2,1;0,1:0.112;0:0.719
DB02_to_DK02_forward_main_03,DB02_to_DK02,forward_main_03,forward,main,3,5331.980515339465,89,2,1;0,1:0.112;0:0.719
DB02_to_DK02_forward_main_04,DB02_to_DK02,forward_main_04,forward,main,4,5331.980515339465,89,2,1;0,1:0.112;0:0.719
DB02_to_DK03_backward_backup_01,DB02_to_DK03,backward_backup_01,backward,backup,1,4138.477631085023,73,2,0;1,0:0.342;1:0.068
DB02_to_DK03_backward_main_01,DB02_to_DK03,backward_main_01,backward,main,1,4067.766952966369,72,2,0;1,0:0.319;1:0.181
DB02_to_DK03_backward_main_03,DB02_to_DK03,backward_main_03,backward,main,3,3726.3455967290593,66,2,0;1,0:0.606;1:0.061
DB02_to_DK03_backward_main_04,DB02_to_DK03,backward_main_04,backward,main,4,3726.3455967290593,66,2,0;1,0:0.606;1:0.061
DB02_to_DK03_forward_backup_01,DB02_to_DK03,forward_backup_01,forward,backup,1,3872.792206135786,71,2,1;0,1:0.113;0:0.197
DB02_to_DK03_forward_backup_02,DB02_to_DK03,forward_backup_02,forward,backup,2,4238.477631085023,75,2,1;0,1:0.067;0:0.373
DB02_to_DK03_forward_main_01,DB02_to_DK03,forward_main_01,forward,main,1,3872.792206135786,71,2,1;0,1:0.099;0:0.592
DB02_to_DK03_forward_main_02,DB02_to_DK03,forward_main_02,forward,main,2,4167.766952966369,74,2,1;0,1:0.081;0:0.392
DB02_to_DK03_forward_main_03,DB02_to_DK03,forward_main_03,forward,main,3,3726.3455967290593,66,2,1;0,1:0.091;0:0.682
DB02_to_DK03_forward_main_04,DB02_to_DK03,forward_main_04,forward,main,4,3726.3455967290593,66,2,1;0,1:0.091;0:0.682
DB02_to_DK04_backward_backup_01,DB02_to_DK04,backward_backup_01,backward,backup,1,7186.143571373726,112,2,0;1,0:0.339;1:0.036
DB02_to_DK04_backward_main_01,DB02_to_DK04,backward_main_01,backward,main,1,7186.1435713737255,112,2,0;1,0:0.491;1:0.036
DB02_to_DK04_backward_main_03,DB02_to_DK04,backward_main_03,backward,main,3,4592.031021678297,80,2,0;1,0:0.400;1:0.225
DB02_to_DK04_backward_main_04,DB02_to_DK04,backward_main_04,backward,main,4,4592.031021678297,80,2,0;1,0:0.400;1:0.225
DB02_to_DK04_forward_backup_01,DB02_to_DK04,forward_backup_01,forward,backup,1,4592.031021678298,80,2,1;0,1:0.062;0:0.237
DB02_to_DK04_forward_backup_02,DB02_to_DK04,forward_backup_02,forward,backup,2,6047.665940288703,100,2,1;0,1:0.060;0:0.260
DB02_to_DK04_forward_main_01,DB02_to_DK04,forward_main_01,forward,main,1,4633.452377915607,80,2,1;0,1:0.087;0:0.463
DB02_to_DK04_forward_main_02,DB02_to_DK04,forward_main_02,forward,main,2,5723.401871576773,96,2,1;0,1:0.094;0:0.375
DB02_to_DK04_forward_main_03,DB02_to_DK04,forward_main_03,forward,main,3,4633.452377915607,80,2,1;0,1:0.075;0:0.487
DB02_to_DK04_forward_main_04,DB02_to_DK04,forward_main_04,forward,main,4,4633.452377915607,80,2,1;0,1:0.075;0:0.487
DB02_to_DK05_backward_backup_01,DB02_to_DK05,backward_backup_01,backward,backup,1,5514.823227814083,91,2,0;1,0:0.582;1:0.044
DB02_to_DK05_backward_backup_02,DB02_to_DK05,backward_backup_02,backward,backup,2,5373.401871576773,89,2,0;1,0:0.472;1:0.079
DB02_to_DK05_backward_main_01,DB02_to_DK05,backward_main_01,backward,main,1,5344.112549695429,88,2,0;1,0:0.705;1:0.045
DB02_to_DK05_backward_main_02,DB02_to_DK05,backward_main_02,backward,main,2,5473.401871576773,91,2,0;1,0:0.692;1:0.044
DB02_to_DK05_backward_main_03,DB02_to_DK05,backward_main_03,backward,main,3,5197.665940288703,83,2,0;1,0:0.554;1:0.217
DB02_to_DK05_backward_main_04,DB02_to_DK05,backward_main_04,backward,main,4,5197.665940288703,83,2,0;1,0:0.554;1:0.217
DB02_to_DK05_forward_backup_01,DB02_to_DK05,forward_backup_01,forward,backup,1,5380.508652763321,85,2,1;0,1:0.047;0:0.400
DB02_to_DK05_forward_backup_02,DB02_to_DK05,forward_backup_02,forward,backup,2,5707.716446627535,99,2,1;0,1:0.040;0:0.727
DB02_to_DK05_forward_main_01,DB02_to_DK05,forward_main_01,forward,main,1,5280.50865276332,83,2,1;0,1:0.120;0:0.602
DB02_to_DK05_forward_main_02,DB02_to_DK05,forward_main_02,forward,main,2,5707.716446627535,99,2,1;0,1:0.061;0:0.515
DB02_to_DK05_forward_main_04,DB02_to_DK05,forward_main_04,forward,main,4,4875.483399593904,72,2,1;0,1:0.139;0:0.167
DB02_to_DK06_backward_backup_01,DB02_to_DK06,backward_backup_01,backward,backup,1,4569.8484809835,75,2,0;1,0:0.600;1:0.067
DB02_to_DK06_backward_backup_02,DB02_to_DK06,backward_backup_02,backward,backup,2,4876.955262170048,77,2,0;1,0:0.260;1:0.078
DB02_to_DK06_backward_main_01,DB02_to_DK06,backward_main_01,backward,main,1,4428.42712474619,73,2,0;1,0:0.630;1:0.178
DB02_to_DK06_backward_main_02,DB02_to_DK06,backward_main_02,backward,main,2,4440.559159102155,72,2,0;1,0:0.361;1:0.014
DB02_to_DK06_backward_main_04,DB02_to_DK06,backward_main_04,backward,main,4,4076.9552621700477,61,2,0;1,0:0.230;1:0.098
DB02_to_DK06_forward_backup_01,DB02_to_DK06,forward_backup_01,forward,backup,1,4457.716446627535,74,2,1;0,1:0.068;0:0.622
DB02_to_DK06_forward_backup_02,DB02_to_DK06,forward_backup_02,forward,backup,2,4381.980515339464,70,2,1;0,1:0.086;0:0.571
DB02_to_DK06_forward_backup_03,DB02_to_DK06,forward_backup_03,forward,backup,3,4887.005768508881,83,2,1;0,1:0.096;0:0.325
DB02_to_DK06_forward_main_01,DB02_to_DK06,forward_main_01,forward,main,1,4457.716446627535,74,2,1;0,1:0.095;0:0.622
DB02_to_DK06_forward_main_02,DB02_to_DK06,forward_main_02,forward,main,2,4452.6911934581185,71,2,1;0,1:0.028;0:0.535
DB02_to_DK06_forward_main_03,DB02_to_DK06,forward_main_03,forward,main,3,4687.005768508881,79,2,1;0,1:0.063;0:0.316
DB02_to_DK06_forward_main_04,DB02_to_DK06,forward_main_04,forward,main,4,4076.9552621700477,61,2,1;0,1:0.098;0:0.230
DK01_to_DK02_backward_backup_01,DK01_to_DK02,backward_backup_01,backward,backup,1,5514.823227814083,91,1,0,0:0.527
DK01_to_DK02_backward_backup_02,DK01_to_DK02,backward_backup_02,backward,backup,2,3476.3455967290597,61,1,0,0:0.262
DK01_to_DK02_backward_main_01,DK01_to_DK02,backward_main_01,backward,main,1,5161.26983722081,86,1,0,0:0.942
DK01_to_DK02_backward_main_02,DK01_to_DK02,backward_main_02,backward,main,2,3093.5028842544407,55,1,0,0:0.855
DK01_to_DK02_backward_main_04,DK01_to_DK02,backward_main_04,backward,main,4,2788.477631085024,46,1,0,0:0.739
DK01_to_DK02_forward_backup_01,DK01_to_DK02,forward_backup_01,forward,backup,1,3064.2135623730956,54,1,0,0:0.852
DK01_to_DK02_forward_backup_02,DK01_to_DK02,forward_backup_02,forward,backup,2,3305.634918610405,58,1,0,0:0.879
DK01_to_DK02_forward_backup_03,DK01_to_DK02,forward_backup_03,forward,backup,3,4454.163056034262,76,1,0,0:0.263
DK01_to_DK02_forward_main_01,DK01_to_DK02,forward_main_01,forward,main,1,2964.2135623730956,52,1,0,0:0.962
DK01_to_DK02_forward_main_02,DK01_to_DK02,forward_main_02,forward,main,2,3264.213562373095,58,1,0,0:0.586
DK01_to_DK02_forward_main_03,DK01_to_DK02,forward_main_03,forward,main,3,3547.056274847714,62,1,0,0:0.258
DK01_to_DK03_backward_backup_01,DK01_to_DK03,backward_backup_01,backward,backup,1,3984.9242404917504,72,1,0,0:0.875
DK01_to_DK03_backward_backup_02,DK01_to_DK03,backward_backup_02,backward,backup,2,10440.559159102155,192,2,1;0,1:0.016;0:0.099
DK01_to_DK03_backward_backup_03,DK01_to_DK03,backward_backup_03,backward,backup,3,1619.238815542512,28,1,0,0:0.607
DK01_to_DK03_backward_backup_04,DK01_to_DK03,backward_backup_04,backward,backup,4,10835.533905932738,197,2,1;0,1:0.015;0:0.071
DK01_to_DK03_backward_main_01,DK01_to_DK03,backward_main_01,backward,main,1,3814.2135623730956,69,1,0,0:0.580
DK01_to_DK03_backward_main_02,DK01_to_DK03,backward_main_02,backward,main,2,10199.137802864847,188,2,1;0,1:0.021;0:0.074
DK01_to_DK03_backward_main_03,DK01_to_DK03,backward_main_03,backward,main,3,1560.6601717798212,26,1,0,0:0.846
DK01_to_DK03_backward_main_04,DK01_to_DK03,backward_main_04,backward,main,4,10581.980515339463,194,2,1;0,1:0.010;0:0.052
DK01_to_DK03_forward_backup_01,DK01_to_DK03,forward_backup_01,forward,backup,1,1560.6601717798212,26,1,0,0:0.538
DK01_to_DK03_forward_backup_02,DK01_to_DK03,forward_backup_02,forward,backup,2,9337.615433949868,160,2,0;1,0:0.150;1:0.013
DK01_to_DK03_forward_backup_03,DK01_to_DK03,forward_backup_03,forward,backup,3,1560.6601717798212,26,1,0,0:0.846
DK01_to_DK03_forward_backup_04,DK01_to_DK03,forward_backup_04,forward,backup,4,1648.528137423857,29,1,0,0:0.483
DK01_to_DK03_forward_main_01,DK01_to_DK03,forward_main_01,forward,main,1,1531.370849898476,25,1,0,0:0.640
DK01_to_DK03_forward_main_02,DK01_to_DK03,forward_main_02,forward,main,2,9025.483399593904,155,2,1;0,1:0.006;0:0.374
DK01_to_DK03_forward_main_03,DK01_to_DK03,forward_main_03,forward,main,3,1589.9494936611668,27,1,0,0:0.556
DK01_to_DK03_forward_main_04,DK01_to_DK03,forward_main_04,forward,main,4,1619.238815542512,28,1,0,0:0.607
DK01_to_DK04_backward_backup_01,DK01_to_DK04,backward_backup_01,backward,backup,1,4728.427124746191,79,1,0,0:0.582
DK01_to_DK04_backward_main_01,DK01_to_DK04,backward_main_01,backward,main,1,4628.427124746191,77,1,0,0:0.688
DK01_to_DK04_backward_main_03,DK01_to_DK04,backward_main_03,backward,main,3,3204.163056034262,51,1,0,0:0.451
DK01_to_DK04_backward_main_04,DK01_to_DK04,backward_main_04,backward,main,4,3204.163056034262,51,1,0,0:0.451
DK01_to_DK04_forward_backup_01,DK01_to_DK04,forward_backup_01,forward,backup,1,4294.112549695428,67,1,0,0:0.582
DK01_to_DK04_forward_backup_02,DK01_to_DK04,forward_backup_02,forward,backup,2,4757.716446627536,80,1,0,0:0.375
DK01_to_DK04_forward_main_01,DK01_to_DK04,forward_main_01,forward,main,1,4252.6911934581185,67,1,0,0:0.537
DK01_to_DK04_forward_main_02,DK01_to_DK04,forward_main_02,forward,main,2,4857.716446627535,82,1,0,0:0.463
DK01_to_DK04_forward_main_04,DK01_to_DK04,forward_main_04,forward,main,4,3204.163056034262,51,1,0,0:0.451
DK01_to_DK05_backward_backup_01,DK01_to_DK05,backward_backup_01,backward,backup,1,5268.3766184073575,84,1,0,0:0.571
DK01_to_DK05_backward_backup_02,DK01_to_DK05,backward_backup_02,backward,backup,2,2327.8174593052026,43,1,0,0:0.535
DK01_to_DK05_backward_main_01,DK01_to_DK05,backward_main_01,backward,main,1,5026.955262170048,80,1,0,0:0.850
DK01_to_DK05_backward_main_02,DK01_to_DK05,backward_main_02,backward,main,2,2398.5281374238575,44,1,0,0:0.977
DK01_to_DK05_backward_main_04,DK01_to_DK05,backward_main_04,backward,main,4,1793.5028842544402,29,1,0,0:0.310
DK01_to_DK05_forward_backup_01,DK01_to_DK05,forward_backup_01,forward,backup,1,2439.9494936611663,44,1,0,0:0.932
DK01_to_DK05_forward_backup_02,DK01_to_DK05,forward_backup_02,forward,backup,2,2610.660171779821,47,1,0,0:1.000
DK01_to_DK05_forward_backup_03,DK01_to_DK05,forward_backup_03,forward,backup,3,3659.1883092036787,63,1,0,0:0.333
DK01_to_DK05_forward_main_01,DK01_to_DK05,forward_main_01,forward,main,1,2410.660171779821,43,1,0,0:1.000
DK01_to_DK05_forward_main_02,DK01_to_DK05,forward_main_02,forward,main,2,2539.949493661167,46,1,0,0:0.717
DK01_to_DK05_forward_main_03,DK01_to_DK05,forward_main_03,forward,main,3,2752.081528017131,49,1,0,0:0.347
DK01_to_DK06_backward_backup_01,DK01_to_DK06,backward_backup_01,backward,backup,1,3233.452377915607,52,1,0,0:0.385
DK01_to_DK06_backward_backup_02,DK01_to_DK06,backward_backup_02,backward,backup,2,1660.6601717798217,28,1,0,0:0.857
DK01_to_DK06_backward_backup_03,DK01_to_DK06,backward_backup_03,backward,backup,3,5604.163056034262,99,1,0,0:0.596
DK01_to_DK06_backward_backup_04,DK01_to_DK06,backward_backup_04,backward,backup,4,6328.42712474619,111,1,0,0:0.342
DK01_to_DK06_backward_main_01,DK01_to_DK06,backward_main_01,backward,main,1,4174.873734152917,70,1,0,0:0.900
DK01_to_DK06_backward_main_02,DK01_to_DK06,backward_main_02,backward,main,2,1407.1067811865476,25,1,0,0:1.000
DK01_to_DK06_backward_main_03,DK01_to_DK06,backward_main_03,backward,main,3,5033.452377915607,88,1,0,0:0.761
DK01_to_DK06_backward_main_04,DK01_to_DK06,backward_main_04,backward,main,4,5945.584412271572,105,1,0,0:0.562
DK01_to_DK06_forward_backup_01,DK01_to_DK06,forward_backup_01,forward,backup,1,1307.1067811865478,23,1,0,0:0.870
DK01_to_DK06_forward_backup_02,DK01_to_DK06,forward_backup_02,forward,backup,2,1448.528137423857,25,1,0,0:1.000
DK01_to_DK06_forward_backup_03,DK01_to_DK06,forward_backup_03,forward,backup,3,1902.081528017131,32,1,0,0:0.688
DK01_to_DK06_forward_backup_04,DK01_to_DK06,forward_backup_04,forward,backup,4,5945.584412271572,105,1,0,0:0.562
DK01_to_DK06_forward_main_01,DK01_to_DK06,forward_main_01,forward,main,1,1377.8174593052022,24,1,0,0:1.000
DK01_to_DK06_forward_main_02,DK01_to_DK06,forward_main_02,forward,main,2,1519.238815542512,26,1,0,0:0.885
DK01_to_DK06_forward_main_03,DK01_to_DK06,forward_main_03,forward,main,3,1702.081528017131,28,1,0,0:0.821
DK01_to_DK06_forward_main_04,DK01_to_DK06,forward_main_04,forward,main,4,5604.163056034262,99,1,0,0:0.596
DK02_to_DK03_backward_backup_01,DK02_to_DK03,backward_backup_01,backward,backup,1,6195.584412271572,110,1,0,0:0.655
DK02_to_DK03_backward_main_01,DK02_to_DK03,backward_main_01,backward,main,1,5912.741699796952,106,1,0,0:0.774
DK02_to_DK03_backward_main_03,DK02_to_DK03,backward_main_03,backward,main,3,3057.106781186548,58,1,0,0:0.672
DK02_to_DK03_backward_main_04,DK02_to_DK03,backward_main_04,backward,main,4,3057.106781186548,58,1,0,0:0.672
DK02_to_DK03_forward_backup_01,DK02_to_DK03,forward_backup_01,forward,backup,1,3417.766952966369,59,1,0,0:0.797
DK02_to_DK03_forward_main_01,DK02_to_DK03,forward_main_01,forward,main,1,3388.477631085024,58,1,0,0:0.810
DK02_to_DK03_forward_main_03,DK02_to_DK03,forward_main_03,forward,main,3,3057.106781186548,58,1,0,0:0.672
DK02_to_DK03_forward_main_04,DK02_to_DK03,forward_main_04,forward,main,4,3057.106781186548,58,1,0,0:0.672
DK02_to_DK04_backward_backup_01,DK02_to_DK04,backward_backup_01,backward,backup,1,7602.6911934581185,134,1,0,0:0.679
DK02_to_DK04_backward_main_01,DK02_to_DK04,backward_main_01,backward,main,1,7773.4018715767725,137,1,0,0:0.526
DK02_to_DK04_backward_main_03,DK02_to_DK04,backward_main_03,backward,main,3,3139.949493661167,58,1,0,0:0.552
DK02_to_DK04_backward_main_04,DK02_to_DK04,backward_main_04,backward,main,4,3139.949493661167,58,1,0,0:0.552
DK02_to_DK04_forward_backup_01,DK02_to_DK04,forward_backup_01,forward,backup,1,6251.219330881976,102,1,0,0:0.647
DK02_to_DK04_forward_backup_02,DK02_to_DK04,forward_backup_02,forward,backup,2,8026.955262170047,140,1,0,0:0.307
DK02_to_DK04_forward_main_01,DK02_to_DK04,forward_main_01,forward,main,1,6109.797974644666,100,1,0,0:0.670
DK02_to_DK04_forward_main_02,DK02_to_DK04,forward_main_02,forward,main,2,7573.401871576774,133,1,0,0:0.752
DK02_to_DK04_forward_main_03,DK02_to_DK04,forward_main_03,forward,main,3,3139.9494936611663,58,1,0,0:0.552
DK02_to_DK04_forward_main_04,DK02_to_DK04,forward_main_04,forward,main,4,3139.9494936611663,58,1,0,0:0.552
DK02_to_DK05_backward_backup_01,DK02_to_DK05,backward_backup_01,backward,backup,1,7879.036790187178,130,1,0,0:0.500
DK02_to_DK05_backward_main_01,DK02_to_DK05,backward_main_01,backward,main,1,7125.483399593904,117,1,0,0:0.940
DK02_to_DK05_backward_main_03,DK02_to_DK05,backward_main_03,backward,main,3,665.685424949238,11,1,0,0:0.727
DK02_to_DK05_backward_main_04,DK02_to_DK05,backward_main_04,backward,main,4,665.685424949238,11,1,0,0:0.727
DK02_to_DK05_forward_backup_01,DK02_to_DK05,forward_backup_01,forward,backup,1,4579.898987322333,81,1,0,0:0.852
DK02_to_DK05_forward_main_01,DK02_to_DK05,forward_main_01,forward,main,1,4267.766952966369,76,1,0,0:0.974
DK02_to_DK05_forward_main_03,DK02_to_DK05,forward_main_03,forward,main,3,665.685424949238,11,1,0,0:0.727
DK02_to_DK05_forward_main_04,DK02_to_DK05,forward_main_04,forward,main,4,665.685424949238,11,1,0,0:0.727
DK02_to_DK06_backward_backup_01,DK02_to_DK06,backward_backup_01,backward,backup,1,6668.376618407357,112,1,0,0:0.679
DK02_to_DK06_backward_main_01,DK02_to_DK06,backward_main_01,backward,main,1,6273.401871576773,107,1,0,0:0.981
DK02_to_DK06_backward_main_03,DK02_to_DK06,backward_main_03,backward,main,3,1586.396103067893,29,1,0,0:0.690
DK02_to_DK06_backward_main_04,DK02_to_DK06,backward_main_04,backward,main,4,1586.396103067893,29,1,0,0:0.690
DK02_to_DK06_forward_backup_01,DK02_to_DK06,forward_backup_01,forward,backup,1,3629.8989873223336,62,1,0,0:0.871
DK02_to_DK06_forward_main_01,DK02_to_DK06,forward_main_01,forward,main,1,3234.9242404917495,57,1,0,0:0.965
DK02_to_DK06_forward_main_03,DK02_to_DK06,forward_main_03,forward,main,3,1586.396103067893,29,1,0,0:0.690
DK02_to_DK06_forward_main_04,DK02_to_DK06,forward_main_04,forward,main,4,1586.396103067893,29,1,0,0:0.690
DK03_to_DK04_backward_backup_01,DK03_to_DK04,backward_backup_01,backward,backup,1,5409.188309203679,98,1,0,0:0.724
DK03_to_DK04_backward_backup_02,DK03_to_DK04,backward_backup_02,backward,backup,2,4689.087296526012,72,1,0,0:0.264
DK03_to_DK04_backward_main_01,DK03_to_DK04,backward_main_01,backward,main,1,5379.898987322334,97,1,0,0:0.577
DK03_to_DK04_backward_main_02,DK03_to_DK04,backward_main_02,backward,main,2,4759.797974644666,73,1,0,0:0.233
DK03_to_DK04_backward_main_04,DK03_to_DK04,backward_main_04,backward,main,4,4618.3766184073575,71,1,0,0:0.465
DK03_to_DK04_forward_backup_01,DK03_to_DK04,forward_backup_01,forward,backup,1,4689.087296526012,72,1,0,0:0.264
DK03_to_DK04_forward_backup_02,DK03_to_DK04,forward_backup_02,forward,backup,2,5450.609665440988,98,1,0,0:0.296
DK03_to_DK04_forward_main_01,DK03_to_DK04,forward_main_01,forward,main,1,4618.3766184073575,71,1,0,0:0.465
DK03_to_DK04_forward_main_02,DK03_to_DK04,forward_main_02,forward,main,2,5521.320343559642,99,1,0,0:0.303
DK03_to_DK04_forward_main_04,DK03_to_DK04,forward_main_04,forward,main,4,4618.3766184073575,71,1,0,0:0.465
DK03_to_DK05_backward_backup_01,DK03_to_DK05,backward_backup_01,backward,backup,1,5949.137802864845,103,1,0,0:0.738
DK03_to_DK05_backward_main_01,DK03_to_DK05,backward_main_01,backward,main,1,5778.42712474619,100,1,0,0:0.710
DK03_to_DK05_backward_main_03,DK03_to_DK05,backward_main_03,backward,main,3,2420.710678118655,49,1,0,0:0.612
DK03_to_DK05_backward_main_04,DK03_to_DK05,backward_main_04,backward,main,4,2420.710678118655,49,1,0,0:0.612
DK03_to_DK05_forward_backup_01,DK03_to_DK05,forward_backup_01,forward,backup,1,2793.5028842544402,49,1,0,0:0.837
DK03_to_DK05_forward_main_01,DK03_to_DK05,forward_main_01,forward,main,1,2834.92424049175,49,1,0,0:0.816
DK03_to_DK05_forward_main_03,DK03_to_DK05,forward_main_03,forward,main,3,2420.710678118655,49,1,0,0:0.612
DK03_to_DK05_forward_main_04,DK03_to_DK05,forward_main_04,forward,main,4,2420.710678118655,49,1,0,0:0.612
DK03_to_DK06_backward_backup_01,DK03_to_DK06,backward_backup_01,backward,backup,1,4197.056274847714,75,1,0,0:0.680
DK03_to_DK06_backward_backup_02,DK03_to_DK06,backward_backup_02,backward,backup,2,7294.112549695428,127,2,0;1,0:0.268;1:0.031
DK03_to_DK06_backward_main_01,DK03_to_DK06,backward_main_01,backward,main,1,4926.34559672906,90,1,0,0:0.733
DK03_to_DK06_backward_main_02,DK03_to_DK06,backward_main_02,backward,main,2,7381.980515339465,130,2,0;1,0:0.200;1:0.038
DK03_to_DK06_backward_main_04,DK03_to_DK06,backward_main_04,backward,main,4,1553.553390593274,30,1,0,0:0.533
DK03_to_DK06_forward_backup_01,DK03_to_DK06,forward_backup_01,forward,backup,1,1802.081528017131,30,1,0,0:0.833
DK03_to_DK06_forward_backup_02,DK03_to_DK06,forward_backup_02,forward,backup,2,2826.3455967290593,48,1,0,0:0.583
DK03_to_DK06_forward_backup_03,DK03_to_DK06,forward_backup_03,forward,backup,3,7576.955262170048,131,2,1;0,1:0.023;0:0.221
DK03_to_DK06_forward_main_01,DK03_to_DK06,forward_main_01,forward,main,1,1802.081528017131,30,1,0,0:0.700
DK03_to_DK06_forward_main_02,DK03_to_DK06,forward_main_02,forward,main,2,6840.559159102155,120,2,1;0,1:0.008;0:0.717
DK03_to_DK06_forward_main_03,DK03_to_DK06,forward_main_03,forward,main,3,7547.665940288702,130,2,1;0,1:0.023;0:0.192
DK04_to_DK05_backward_backup_01,DK04_to_DK05,backward_backup_01,backward,backup,1,7892.640687119285,134,1,0,0:0.470
DK04_to_DK05_backward_main_01,DK04_to_DK05,backward_main_01,backward,main,1,6592.640687119286,108,1,0,0:0.741
DK04_to_DK05_backward_main_03,DK04_to_DK05,backward_main_03,backward,main,3,4124.873734152916,69,1,0,0:0.971
DK04_to_DK05_backward_main_04,DK04_to_DK05,backward_main_04,backward,main,4,4124.873734152916,69,1,0,0:0.971
DK04_to_DK05_forward_backup_01,DK04_to_DK05,forward_backup_01,forward,backup,1,5626.955262170048,92,1,0,0:0.663
DK04_to_DK05_forward_backup_02,DK04_to_DK05,forward_backup_02,forward,backup,2,6907.716446627535,123,1,0,0:0.699
DK04_to_DK05_forward_backup_03,DK04_to_DK05,forward_backup_03,forward,backup,3,6080.508652763321,99,1,0,0:0.222
DK04_to_DK05_forward_main_01,DK04_to_DK05,forward_main_01,forward,main,1,5556.244584051393,91,1,0,0:0.659
DK04_to_DK05_forward_main_02,DK04_to_DK05,forward_main_02,forward,main,2,7049.137802864845,125,1,0,0:0.528
DK04_to_DK05_forward_main_03,DK04_to_DK05,forward_main_03,forward,main,3,5797.665940288703,95,1,0,0:0.253
DK04_to_DK06_backward_backup_01,DK04_to_DK06,backward_backup_01,backward,backup,1,5881.980515339465,100,1,0,0:0.720
DK04_to_DK06_backward_main_01,DK04_to_DK06,backward_main_01,backward,main,1,5740.559159102155,98,1,0,0:0.765
DK04_to_DK06_backward_main_03,DK04_to_DK06,backward_main_03,backward,main,3,3709.1883092036783,64,1,0,0:0.719
DK04_to_DK06_backward_main_04,DK04_to_DK06,backward_main_04,backward,main,4,3709.1883092036783,64,1,0,0:0.719
DK04_to_DK06_forward_backup_01,DK04_to_DK06,forward_backup_01,forward,backup,1,4494.112549695428,71,1,0,0:0.563
DK04_to_DK06_forward_backup_02,DK04_to_DK06,forward_backup_02,forward,backup,2,5899.137802864845,102,1,0,0:0.725
DK04_to_DK06_forward_main_01,DK04_to_DK06,forward_main_01,forward,main,1,4523.401871576773,72,1,0,0:0.569
DK04_to_DK06_forward_main_02,DK04_to_DK06,forward_main_02,forward,main,2,6040.559159102155,104,1,0,0:0.625
DK04_to_DK06_forward_main_03,DK04_to_DK06,forward_main_03,forward,main,3,3709.1883092036787,64,1,0,0:0.719
DK04_to_DK06_forward_main_04,DK04_to_DK06,forward_main_04,forward,main,4,3709.1883092036787,64,1,0,0:0.719
DK05_to_DK06_backward_backup_01,DK05_to_DK06,backward_backup_01,backward,backup,1,6421.93000900063,105,1,0,0:0.752
DK05_to_DK06_backward_main_01,DK05_to_DK06,backward_main_01,backward,main,1,6139.087296526012,101,1,0,0:0.911
DK05_to_DK06_backward_main_03,DK05_to_DK06,backward_main_03,backward,main,3,1032.842712474619,20,1,0,0:0.500
DK05_to_DK06_backward_main_04,DK05_to_DK06,backward_main_04,backward,main,4,1032.842712474619,20,1,0,0:0.500
DK05_to_DK06_forward_backup_01,DK05_to_DK06,forward_backup_01,forward,backup,1,3005.6349186104044,52,1,0,0:0.942
DK05_to_DK06_forward_backup_02,DK05_to_DK06,forward_backup_02,forward,backup,2,7309.797974644666,124,1,0,0:0.685
DK05_to_DK06_forward_main_01,DK05_to_DK06,forward_main_01,forward,main,1,2681.370849898476,48,1,0,0:1.000
DK05_to_DK06_forward_main_02,DK05_to_DK06,forward_main_02,forward,main,2,7380.508652763322,125,1,0,0:0.680
DK05_to_DK06_forward_main_03,DK05_to_DK06,forward_main_03,forward,main,3,1032.842712474619,20,1,0,0:0.500
DK05_to_DK06_forward_main_04,DK05_to_DK06,forward_main_04,forward,main,4,1032.842712474619,20,1,0,0:0.500
