leg_id,net_a,net_b,a_id,b_id,leg_type,length_m,straight_m,two_lanes,lane_b_method,lane_shift_m,lane_b_length_m,centerline_min_separation_m,separation_ok,n_narrow_samples,n_crossings
DB02__TN8,0,11,DB02,TN8,straight,596.1172799464325,596.1172799464325,True,tangent_pair,0.0,596.1172799464325,49.99999999999958,True,0,0
DB02__TN5,0,14,DB02,TN5,straight,694.836049967575,694.836049967575,True,tangent_pair,0.0,694.8360499675749,49.999999999999744,True,0,0
DB02__RBT01,0,29,DB02,RBT01,straight,831.1450974296209,932.9229009535127,True,tangent_pair,0.0,932.9229009535127,49.99999999999985,True,0,0
DB02__RBT02,0,30,DB02,RBT02,straight,1011.7879997900994,1107.56580331399,True,tangent_pair,0.0,1107.56580331399,49.99999999999972,True,0,0
DB02__RBT04,0,32,DB02,RBT04,theta,869.0491614453555,923.4100151481623,True,shifted_pair,15.0,973.017483644589,49.99999999999944,True,0,0
DK06__TN13,1,9,DK06,TN13,theta,1125.6687347648947,1114.6186750844222,True,tangent_pair,0.0,1127.145791964887,49.99999999999948,True,0,0
DK06__TN8,1,11,DK06,TN8,straight,925.91659130236,925.91659130236,True,tangent_pair,0.0,925.91659130236,50.000000000000036,True,0,0
DK06__RBT02,1,30,DK06,RBT02,straight,863.432346787197,959.210150311089,True,tangent_pair,0.0,959.2101503110891,50.00000000000016,True,0,0
DK06__RBT03,1,31,DK06,RBT03,straight,401.3305348716635,483.27759448971386,True,tangent_pair,0.0,483.27759448971386,49.99999999999979,True,0,0
DK06__RBT05,1,33,DK06,RBT05,theta,690.6693501850871,733.7981277677228,True,shifted_pair,15.0,796.4000653518235,49.999999999999275,True,0,0
DK04__TN10,2,15,DK04,TN10,straight,706.9299041027219,706.9299041027219,True,tangent_pair,0.0,706.929904102722,49.9999999999998,True,0,0
DK04__RBT06,2,34,DK04,RBT06,theta,950.6854274113855,877.3656716147236,True,shifted_pair,-15.0,1108.667556629802,49.99999999999944,True,0,0
DK04__RBT07,2,35,DK04,RBT07,theta,506.42736961491926,563.7689733780078,True,shifted_pair,15.0,606.8800495135258,49.99999999999944,True,0,0
DK04__RBT11,2,39,DK04,RBT11,theta,808.3602119730888,921.7336867663165,True,tangent_pair,0.0,920.7883491670889,49.999999999999744,True,0,0
DK04__RBT12,2,40,DK04,RBT12,straight,375.80022919751707,477.5780327214088,True,tangent_pair,0.0,477.5780327214088,50.000000000000064,True,0,0
DK05__RBT04,3,32,DK05,RBT04,straight,1199.5711074199694,1301.3489109438601,True,tangent_pair,0.0,1301.3489109438603,49.99999999999963,True,0,0
DK05__RBT07,3,35,DK05,RBT07,straight,685.0923364171452,780.8701399410375,True,tangent_pair,0.0,780.8701399410376,49.99999999999969,True,0,0
DK05__RBT08,3,36,DK05,RBT08,theta,858.866694079137,920.2207043354281,True,shifted_pair,15.0,951.0546927048199,49.99999999999944,True,0,0
DK05__RBT12,3,40,DK05,RBT12,straight,687.6505171534178,789.42832067731,True,tangent_pair,0.0,789.42832067731,49.99999999999991,True,0,0
DK05__RBT13,3,41,DK05,RBT13,straight,674.6038517974068,760.4719511957773,True,tangent_pair,0.0,760.4719511957773,49.999999999999496,True,0,0
DK05__RBT17,3,45,DK05,RBT17,straight,841.7013802413559,940.3905725950542,True,tangent_pair,0.0,940.3905725950542,49.99999999999967,True,0,0
DK02__BAK02,4,25,DK02,BAK02,straight,672.6812023536855,672.6812023536855,True,tangent_pair,0.0,672.6812023536855,50.000000000000064,True,0,0
DK02__EXT01,4,27,DK02,EXT01,straight,863.1338250816034,863.1338250816034,True,tangent_pair,0.0,863.1338250816034,49.99999999999997,True,0,0
DK02__RBT09,4,37,DK02,RBT09,straight,754.591944391656,850.0,True,tangent_pair,0.0,850.0,49.99999999999989,True,0,0
DK02__RBT14,4,42,DK02,RBT14,straight,301.3108076463013,400.0,True,tangent_pair,0.0,400.0,50.0,True,0,0
DK02__RBT19,4,47,DK02,RBT19,straight,831.0788574264577,908.4331352787884,True,tangent_pair,0.0,908.4331352787885,49.999999999999766,True,0,0
DK01__DB01,5,7,DK01,DB01,theta,739.9320332659623,664.5778891339693,True,shifted_pair,-15.0,749.1415467648287,49.99999999999952,True,0,0
DK01__TN1,5,16,DK01,TN1,straight,584.0348653577432,584.0348653577432,True,tangent_pair,0.0,584.0348653577428,49.99999999999985,True,0,0
DK01__RBT15,5,43,DK01,RBT15,straight,549.8735614365773,645.6513649604691,True,tangent_pair,0.0,645.6513649604691,49.99999999999982,True,0,0
DK01__RBT16,5,44,DK01,RBT16,straight,340.095181186073,449.49687697085136,True,tangent_pair,0.0,449.49687697085136,49.9999999999999,True,0,0
DK03__TN11,6,18,DK03,TN11,straight,570.087712549569,570.087712549569,True,tangent_pair,0.0,570.087712549569,49.99999999999988,True,0,0
DK03__TN3,6,23,DK03,TN3,straight,872.4752695847322,872.4752695847322,True,tangent_pair,0.0,872.4752695847322,49.999999999999936,True,0,0
DK03__BAK03,6,26,DK03,BAK03,straight,768.6667860721695,768.6667860721695,True,tangent_pair,0.0,768.6667860721698,49.99999999999993,True,0,0
DK03__RBT17,6,45,DK03,RBT17,straight,325.5748763582303,424.26406871192853,True,tangent_pair,0.0,424.26406871192853,49.99999999999944,True,0,0
DK03__RBT18,6,46,DK03,RBT18,straight,495.7814749445359,593.649574342907,True,tangent_pair,0.0,593.649574342907,49.99999999999966,True,0,0
DB01__TN1,7,16,DB01,TN1,theta,720.897055126896,665.7571431364743,True,shifted_pair,-15.0,741.903672262183,49.99999999999945,True,0,0
DB01__TN7,7,17,DB01,TN7,theta,482.4591257564144,463.12633936404256,True,tangent_pair,0.0,456.7641004078539,49.99999999999894,True,0,0
DB01__RN3,7,19,DB01,RN3,straight,561.8295321478436,561.8295321478436,True,tangent_pair,0.0,561.8295321478436,49.99999999999965,True,0,0
DB01__TN12,7,21,DB01,TN12,straight,542.5622553048061,542.5622553048061,True,tangent_pair,0.0,542.562255304806,49.99999999999915,True,0,0
DB01__TN2,7,22,DB01,TN2,theta,904.5164914746987,887.6613309547886,True,shifted_pair,-15.0,897.1120720326791,49.999999999999616,True,0,0
DB01__RBT15,7,43,DB01,RBT15,theta,772.0161637826786,859.1949707130492,True,tangent_pair,0.0,874.9558638383741,49.99999999999987,True,0,0
TN14__RN1,8,10,TN14,RN1,straight,531.5072906367325,531.5072906367325,True,tangent_pair,0.0,531.5072906367325,49.99999999999993,True,0,0
TN14__RBT01,8,29,TN14,RBT01,straight,402.9671229325316,504.74492645642323,True,tangent_pair,0.0,504.74492645642323,49.99999999999995,True,0,0
TN13__RN2,9,12,TN13,RN2,straight,798.4382637237314,798.4382637237314,True,tangent_pair,0.0,798.4382637237314,49.99999999999999,True,0,0
TN13__RBT02,9,30,TN13,RBT02,straight,689.3887896020618,785.1665931259538,True,tangent_pair,0.0,785.1665931259538,49.99999999999999,True,0,0
TN13__RBT05,9,33,TN13,RBT05,theta,1517.2959150590104,1396.8061461782577,True,shifted_pair,-15.0,1643.6138318565424,49.99999999999944,True,0,0
RN1__TN16,10,13,RN1,TN16,straight,373.59937119361405,373.59937119361405,True,tangent_pair,0.0,373.5993711936141,49.999999999999964,True,0,0
RN1__RBT01,10,29,RN1,RBT01,theta,906.2418459541916,947.7690987928379,True,shifted_pair,-15.0,998.9400843746284,49.9999999999999,True,0,0
TN8__RBT02,11,30,TN8,RBT02,straight,419.0037035254584,514.78150704935,True,tangent_pair,0.0,514.78150704935,49.99999999999967,True,0,0
TN8__RBT03,11,31,TN8,RBT03,straight,1009.999637956778,1091.946697574828,True,tangent_pair,0.0,1091.946697574828,49.999999999999694,True,0,0
RN2__EXT02,12,28,RN2,EXT02,straight,782.6237921249264,782.6237921249264,True,tangent_pair,0.0,782.6237921249264,50.00000000000026,True,0,0
RN2__RBT05,12,33,RN2,RBT05,straight,1326.5142341928283,1430.3823335911993,True,tangent_pair,0.0,1430.3823335911995,49.99999999999978,True,0,0
TN16__RBT06,13,34,TN16,RBT06,theta,1712.7422836018077,1666.2722250664087,True,shifted_pair,15.0,1831.395445169313,49.999999999999844,True,0,0
TN16__RBT10,13,38,TN16,RBT10,straight,1608.5662548204475,1707.2812443298278,True,tangent_pair,0.0,1707.2812443298283,49.9999999999999,True,0,0
TN5__RBT01,14,29,TN5,RBT01,theta,1114.4162351640714,1173.1076677029457,True,shifted_pair,15.0,1213.6620604935088,49.999999999999844,True,0,0
TN5__RBT04,14,32,TN5,RBT04,straight,345.74353980168627,447.52134332557813,True,tangent_pair,0.0,447.52134332557813,49.999999999999915,True,0,0
TN5__RBT06,14,34,TN5,RBT06,straight,542.5861747921386,668.8756343214478,True,tangent_pair,0.0,668.8756343214478,49.99999999999999,True,0,0
TN10__RBT06,15,34,TN10,RBT06,straight,697.3756104767177,823.6650700060267,True,tangent_pair,0.0,823.6650700060266,49.99999999999963,True,0,0
TN10__RBT10,15,38,TN10,RBT10,straight,411.18696184989756,509.9019513592785,True,tangent_pair,0.0,509.90195135927854,50.000000000000284,True,0,0
TN10__RBT11,15,39,TN10,RBT11,straight,554.1727551692593,670.820393249937,True,tangent_pair,0.0,670.820393249937,50.000000000000014,True,0,0
TN1__RN3,16,19,TN1,RN3,straight,450.289577736333,450.289577736333,True,tangent_pair,0.0,450.289577736333,49.99999999999907,True,0,0
TN1__RBT16,16,44,TN1,RBT16,straight,906.7495804511589,1016.1512762359368,True,tangent_pair,0.0,1016.1512762359368,49.99999999999998,True,0,0
TN7__TN2,17,22,TN7,TN2,straight,540.3732081941432,540.3732081941432,True,tangent_pair,0.0,540.3732081941432,50.000000000000185,True,0,0
TN7__BAK03,17,26,TN7,BAK03,theta,784.6539665560618,757.0402597287389,True,centerline+soft_buffer,,853.5533905932738,0.0,False,47,15
TN11__RN4,18,20,TN11,RN4,straight,1945.2075607318463,1945.2075607318463,True,tangent_pair,0.0,1945.2075607318463,49.99999999999818,True,0,0
TN11__TN3,18,23,TN11,TN3,straight,592.9363770273974,592.9363770273974,True,tangent_pair,0.0,592.9363770273974,49.99999999999968,True,0,0
TN11__RBT18,18,46,TN11,RBT18,straight,863.0490417108426,960.9171411092137,True,tangent_pair,0.0,960.9171411092142,49.99999999999908,True,0,0
RN3__TN12,19,21,RN3,TN12,straight,51.2673656529277,51.2673656529277,True,tangent_pair,0.0,51.2673656529277,49.999999999999915,True,0,0
RN4__EXT01,20,27,RN4,EXT01,straight,1537.3854401379917,1537.3854401379917,True,tangent_pair,0.0,1537.3854401379917,49.99999999999912,True,0,0
RN4__RBT18,20,46,RN4,RBT18,theta,1821.6487374429998,1875.8302081892089,True,shifted_pair,15.0,1918.27381279133,49.99999999999911,True,0,0
RN4__RBT19,20,47,RN4,RBT19,straight,1186.2426179365045,1263.5968957888356,True,tangent_pair,0.0,1263.5968957888354,49.999999999999254,True,0,0
TN12__TN2,21,22,TN12,TN2,straight,905.9998928917323,905.9998928917323,True,tangent_pair,0.0,905.9998928917323,49.99999999999887,True,0,0
TN2__TN3,22,23,TN2,TN3,theta,782.4654026309727,779.330004566801,True,tangent_pair,0.0,775.6080707500305,49.999999999999666,True,0,0
TN3__BAK03,23,26,TN3,BAK03,theta,1238.6743670204125,1015.4335625316056,True,shifted_pair,15.0,1247.7636845541404,49.99999999999944,True,0,0
BAK01__BAK02,24,25,BAK01,BAK02,straight,800.0,800.0,True,tangent_pair,0.0,800.0,50.0,True,0,0
BAK01__EXT02,24,28,BAK01,EXT02,straight,721.1102550927978,721.1102550927978,True,tangent_pair,0.0,721.1102550927978,49.99999999999995,True,0,0
BAK01__RBT05,24,33,BAK01,RBT05,straight,684.1338043619286,788.0019037602999,True,tangent_pair,0.0,788.0019037602999,49.99999999999995,True,0,0
BAK01__RBT09,24,37,BAK01,RBT09,straight,917.0147809574852,1012.4228365658294,True,tangent_pair,0.0,1012.4228365658291,49.99999999999905,True,0,0
BAK02__EXT01,25,27,BAK02,EXT01,straight,763.2168761236874,763.2168761236874,True,tangent_pair,0.0,763.2168761236874,49.999999999999865,True,0,0
BAK02__EXT02,25,28,BAK02,EXT02,straight,1456.0219778561036,1456.0219778561036,True,tangent_pair,0.0,1456.0219778561036,49.99999999999883,True,0,0
BAK02__RBT09,25,37,BAK02,RBT09,theta,813.6089387666035,886.0022573334675,True,tangent_pair,0.0,920.6040321333313,50.0,True,0,0
BAK03__RBT12,26,40,BAK03,RBT12,straight,763.8846342654119,865.6624377893038,True,tangent_pair,0.0,865.6624377893038,49.99999999999995,True,0,0
BAK03__RBT17,26,45,BAK03,RBT17,straight,366.0042007637448,464.6933931174432,True,tangent_pair,0.0,464.6933931174434,49.99999999999998,True,0,0
EXT01__EXT02,27,28,EXT01,EXT02,straight,2050.0,2050.0,True,tangent_pair,0.0,2050.0,50.0,True,0,0
EXT01__RBT19,27,47,EXT01,RBT19,straight,1364.5463604706795,1441.90063832301,True,tangent_pair,0.0,1441.90063832301,49.99999999999938,True,0,0
EXT02__RBT05,28,33,EXT02,RBT05,straight,1162.2481154461664,1266.1162148445374,True,tangent_pair,0.0,1266.1162148445374,49.99999999999969,True,0,0
RBT01__RBT02,29,30,RBT01,RBT02,straight,1601.4780398215999,1799.033646869385,True,tangent_pair,0.0,1799.033646869385,49.99999999999998,True,0,0
RBT03__RBT04,31,32,RBT03,RBT04,theta,869.0171526078343,904.777991929319,True,shifted_pair,-15.0,1061.9547293375542,49.999999999999275,True,0,0
RBT03__RBT08,31,36,RBT03,RBT08,theta,743.8293745045211,832.0094193546845,True,shifted_pair,15.0,963.8705062027502,49.99999999999944,True,0,0
RBT04__RBT06,32,34,RBT04,RBT06,straight,485.326603959599,713.3938670128,True,tangent_pair,0.0,713.3938670128,49.99999999999979,True,0,0
RBT04__RBT07,32,35,RBT04,RBT07,straight,594.6374292599479,792.1930363077319,True,tangent_pair,0.0,792.1930363077319,49.999999999999865,True,0,0
RBT04__RBT08,32,36,RBT04,RBT08,straight,1032.761936064527,1233.2289319421157,True,tangent_pair,0.0,1233.2289319421159,49.9999999999997,True,0,0
RBT05__RBT08,33,36,RBT05,RBT08,straight,898.2069533021104,1083.2887567280295,True,tangent_pair,0.0,1083.2887567280293,49.99999999999936,True,0,0
RBT05__RBT09,33,37,RBT05,RBT09,straight,487.38431929720133,686.6604743039164,True,tangent_pair,0.0,686.6604743039164,49.9999999999995,True,0,0
RBT06__RBT07,34,35,RBT06,RBT07,theta,429.8630792897325,606.2692196192742,True,shifted_pair,-15.0,625.0819432784276,49.9999999999996,True,0,0
RBT06__RBT10,34,38,RBT06,RBT10,straight,1077.4413035766643,1302.4457526153542,True,tangent_pair,0.0,1302.4457526153542,49.99999999999968,True,0,0
RBT07__RBT12,35,40,RBT07,RBT12,straight,637.326243841453,834.8818508892372,True,tangent_pair,0.0,834.8818508892372,49.99999999999951,True,0,0
RBT08__RBT09,36,37,RBT08,RBT09,straight,546.9869025687304,741.0841505307733,True,tangent_pair,0.0,741.0841505307733,49.99999999999969,True,0,0
RBT08__RBT13,36,41,RBT08,RBT13,straight,526.4863197490229,711.0436115010929,True,tangent_pair,0.0,711.0436115010929,49.99999999999943,True,0,0
RBT08__RBT14,36,42,RBT08,RBT14,straight,833.6455686769856,1031.0239533843842,True,tangent_pair,0.0,1031.0239533843842,49.99999999999965,True,0,0
RBT09__RBT14,37,42,RBT09,RBT14,straight,555.9027520379573,750.0,True,tangent_pair,0.0,750.0,50.0,True,0,0
RBT10__RBT11,38,39,RBT10,RBT11,straight,323.1538531233919,538.5164807134504,True,tangent_pair,0.0,538.5164807134504,50.00000000000003,True,0,0
RBT10__RBT16,38,44,RBT10,RBT16,straight,793.1325344308806,1001.2492197250393,True,tangent_pair,0.0,1001.2492197250393,49.99999999999999,True,0,0
RBT11__RBT15,39,43,RBT11,RBT15,straight,361.06063569712205,573.4860773016916,True,tangent_pair,0.0,573.4860773016916,49.99999999999998,True,0,0
RBT11__RBT16,39,44,RBT11,RBT16,straight,332.96766050949196,559.0169943749474,True,tangent_pair,0.0,559.0169943749474,50.000000000000014,True,0,0
RBT12__RBT15,40,43,RBT12,RBT15,theta,757.755427514606,868.8927003598675,True,shifted_pair,-15.0,908.629186757417,49.999999999999304,True,0,0
RBT12__RBT17,40,45,RBT12,RBT17,straight,814.1826745667067,1014.649670444298,True,tangent_pair,0.0,1014.6496704442981,49.99999999999972,True,0,0
RBT13__RBT14,41,42,RBT13,RBT14,theta,572.3314924407252,756.7093399584297,True,tangent_pair,0.0,755.3249178548782,49.99999999999957,True,0,0
RBT13__RBT17,41,45,RBT13,RBT17,straight,876.1449477837722,1060.7022395358422,True,tangent_pair,0.0,1060.7022395358422,49.999999999999886,True,0,0
RBT13__RBT18,41,46,RBT13,RBT18,theta,520.4314511098113,703.8498543836946,True,tangent_pair,0.0,704.0404551524034,49.99999999999957,True,0,0
RBT14__RBT18,42,46,RBT14,RBT18,straight,807.3891464473395,1003.9464381994088,True,tangent_pair,0.0,1003.9464381994088,49.99999999999943,True,0,0
RBT14__RBT19,42,47,RBT14,RBT19,straight,619.9274495694135,795.9709197754429,True,tangent_pair,0.0,795.9709197754429,49.999999999999176,True,0,0
RBT15__RBT16,43,44,RBT15,RBT16,straight,331.3354643099911,536.514963618661,True,tangent_pair,0.0,536.5149636186611,49.99999999999962,True,0,0
RBT17__RBT18,45,46,RBT17,RBT18,straight,582.1217106717525,778.6790024238225,True,tangent_pair,0.0,778.6790024238225,50.00000000000001,True,0,0
RBT18__RBT19,46,47,RBT18,RBT19,straight,515.4226745900679,690.6450518407702,True,tangent_pair,0.0,690.6450518407702,49.99999999999972,True,0,0
