rbt_id,lane,seq,x,y
RBT01,0,0,1157.014,2792.322
RBT01,0,1,1156.849,2798.553
RBT01,0,2,1156.356,2804.767
RBT01,0,3,1155.536,2810.946
RBT01,0,4,1154.39,2817.072
RBT01,0,5,1152.923,2823.13
RBT01,0,6,1151.138,2829.103
RBT01,0,7,1149.041,2834.972
RBT01,0,8,1146.637,2840.723
RBT01,0,9,1143.932,2846.339
RBT01,0,10,1140.935,2851.804
RBT01,0,11,1137.654,2857.103
RBT01,0,12,1134.098,2862.222
RBT01,0,13,1130.276,2867.146
RBT01,0,14,1126.2,2871.862
RBT01,0,15,1121.881,2876.356
RBT01,0,16,1117.33,2880.615
RBT01,0,17,1112.561,2884.629
RBT01,0,18,1107.587,2888.385
RBT01,0,19,1102.422,2891.874
RBT01,0,20,1097.079,2895.085
RBT01,0,21,1091.575,2898.009
RBT01,0,22,1085.924,2900.639
RBT01,0,23,1080.142,2902.968
RBT01,0,24,1074.245,2904.987
RBT01,0,25,1068.25,2906.693
RBT01,0,26,1062.173,2908.08
RBT01,0,27,1056.032,2909.144
RBT01,0,28,1049.843,2909.883
RBT01,0,29,1043.623,2910.294
RBT01,0,30,1037.391,2910.376
RBT01,0,31,1031.163,2910.13
RBT01,0,32,1024.956,2909.555
RBT01,0,33,1018.789,2908.653
RBT01,0,34,1012.677,2907.427
RBT01,0,35,1006.639,2905.88
RBT01,0,36,1000.691,2904.016
RBT01,0,37,994.85,2901.842
RBT01,0,38,989.131,2899.362
RBT01,0,39,983.552,2896.583
RBT01,0,40,978.127,2893.514
RBT01,0,41,972.871,2890.163
RBT01,0,42,967.799,2886.54
RBT01,0,43,962.926,2882.654
RBT01,0,44,958.265,2878.516
RBT01,0,45,953.828,2874.137
RBT01,0,46,949.629,2869.531
RBT01,0,47,945.679,2864.709
RBT01,0,48,941.989,2859.686
RBT01,0,49,938.569,2854.475
RBT01,0,50,935.428,2849.091
RBT01,0,51,932.577,2843.549
RBT01,0,52,930.021,2837.863
RBT01,0,53,927.77,2832.051
RBT01,0,54,925.828,2826.128
RBT01,0,55,924.202,2820.111
RBT01,0,56,922.895,2814.017
RBT01,0,57,921.912,2807.862
RBT01,0,58,921.255,2801.663
RBT01,0,59,920.926,2795.439
RBT01,0,60,920.926,2789.206
RBT01,0,61,921.255,2782.981
RBT01,0,62,921.912,2776.783
RBT01,0,63,922.895,2770.628
RBT01,0,64,924.202,2764.533
RBT01,0,65,925.828,2758.516
RBT01,0,66,927.77,2752.593
RBT01,0,67,930.021,2746.781
RBT01,0,68,932.577,2741.096
RBT01,0,69,935.428,2735.554
RBT01,0,70,938.569,2730.169
RBT01,0,71,941.989,2724.958
RBT01,0,72,945.679,2719.935
RBT01,0,73,949.629,2715.114
RBT01,0,74,953.828,2710.507
RBT01,0,75,958.265,2706.129
RBT01,0,76,962.926,2701.991
RBT01,0,77,967.799,2698.105
RBT01,0,78,972.871,2694.481
RBT01,0,79,978.127,2691.13
RBT01,0,80,983.552,2688.061
RBT01,0,81,989.131,2685.283
RBT01,0,82,994.85,2682.803
RBT01,0,83,1000.691,2680.628
RBT01,0,84,1006.639,2678.765
RBT01,0,85,1012.677,2677.218
RBT01,0,86,1018.789,2675.992
RBT01,0,87,1024.956,2675.09
RBT01,0,88,1031.163,2674.515
RBT01,0,89,1037.391,2674.268
RBT01,0,90,1043.623,2674.35
RBT01,0,91,1049.843,2674.761
RBT01,0,92,1056.032,2675.5
RBT01,0,93,1062.173,2676.565
RBT01,0,94,1068.25,2677.952
RBT01,0,95,1074.245,2679.657
RBT01,0,96,1080.142,2681.677
RBT01,0,97,1085.924,2684.005
RBT01,0,98,1091.575,2686.635
RBT01,0,99,1097.079,2689.56
RBT01,0,100,1102.422,2692.771
RBT01,0,101,1107.587,2696.259
RBT01,0,102,1112.561,2700.016
RBT01,0,103,1117.33,2704.029
RBT01,0,104,1121.881,2708.289
RBT01,0,105,1126.2,2712.783
RBT01,0,106,1130.276,2717.498
RBT01,0,107,1134.098,2722.422
RBT01,0,108,1137.654,2727.541
RBT01,0,109,1140.935,2732.841
RBT01,0,110,1143.932,2738.306
RBT01,0,111,1146.637,2743.922
RBT01,0,112,1149.041,2749.672
RBT01,0,113,1151.138,2755.542
RBT01,0,114,1152.923,2761.514
RBT01,0,115,1154.39,2767.572
RBT01,0,116,1155.536,2773.699
RBT01,0,117,1156.356,2779.878
RBT01,0,118,1156.849,2786.091
RBT01,0,119,1157.014,2792.322
RBT02,0,0,3419.488,2038.118
RBT02,0,1,3419.072,2053.885
RBT02,0,2,3417.824,2069.608
RBT02,0,3,3415.748,2085.244
RBT02,0,4,3412.85,2100.748
RBT02,0,5,3409.138,2116.077
RBT02,0,6,3404.621,2131.189
RBT02,0,7,3399.314,2146.042
RBT02,0,8,3393.23,2160.594
RBT02,0,9,3386.387,2174.804
RBT02,0,10,3378.803,2188.634
RBT02,0,11,3370.5,2202.044
RBT02,0,12,3361.5,2214.997
RBT02,0,13,3351.83,2227.457
RBT02,0,14,3341.515,2239.389
RBT02,0,15,3330.586,2250.761
RBT02,0,16,3319.071,2261.54
RBT02,0,17,3307.003,2271.696
RBT02,0,18,3294.417,2281.201
RBT02,0,19,3281.346,2290.028
RBT02,0,20,3267.827,2298.154
RBT02,0,21,3253.899,2305.554
RBT02,0,22,3239.599,2312.21
RBT02,0,23,3224.968,2318.101
RBT02,0,24,3210.047,2323.212
RBT02,0,25,3194.877,2327.528
RBT02,0,26,3179.5,2331.038
RBT02,0,27,3163.959,2333.731
RBT02,0,28,3148.298,2335.6
RBT02,0,29,3132.559,2336.641
RBT02,0,30,3116.788,2336.849
RBT02,0,31,3101.028,2336.224
RBT02,0,32,3085.323,2334.769
RBT02,0,33,3069.717,2332.487
RBT02,0,34,3054.252,2329.384
RBT02,0,35,3038.973,2325.47
RBT02,0,36,3023.922,2320.755
RBT02,0,37,3009.141,2315.252
RBT02,0,38,2994.67,2308.976
RBT02,0,39,2980.552,2301.946
RBT02,0,40,2966.823,2294.18
RBT02,0,41,2953.524,2285.701
RBT02,0,42,2940.691,2276.531
RBT02,0,43,2928.359,2266.697
RBT02,0,44,2916.564,2256.226
RBT02,0,45,2905.338,2245.147
RBT02,0,46,2894.712,2233.491
RBT02,0,47,2884.716,2221.291
RBT02,0,48,2875.378,2208.58
RBT02,0,49,2866.724,2195.393
RBT02,0,50,2858.778,2181.769
RBT02,0,51,2851.562,2167.744
RBT02,0,52,2845.096,2153.358
RBT02,0,53,2839.398,2138.65
RBT02,0,54,2834.484,2123.663
RBT02,0,55,2830.369,2108.437
RBT02,0,56,2827.062,2093.015
RBT02,0,57,2824.574,2077.44
RBT02,0,58,2822.912,2061.755
RBT02,0,59,2822.079,2046.005
RBT02,0,60,2822.079,2030.232
RBT02,0,61,2822.912,2014.482
RBT02,0,62,2824.574,1998.797
RBT02,0,63,2827.062,1983.222
RBT02,0,64,2830.369,1967.8
RBT02,0,65,2834.484,1952.574
RBT02,0,66,2839.398,1937.587
RBT02,0,67,2845.096,1922.879
RBT02,0,68,2851.562,1908.493
RBT02,0,69,2858.778,1894.468
RBT02,0,70,2866.724,1880.844
RBT02,0,71,2875.378,1867.657
RBT02,0,72,2884.716,1854.946
RBT02,0,73,2894.712,1842.746
RBT02,0,74,2905.338,1831.09
RBT02,0,75,2916.564,1820.011
RBT02,0,76,2928.359,1809.54
RBT02,0,77,2940.691,1799.706
RBT02,0,78,2953.524,1790.536
RBT02,0,79,2966.823,1782.057
RBT02,0,80,2980.552,1774.291
RBT02,0,81,2994.67,1767.261
RBT02,0,82,3009.141,1760.985
RBT02,0,83,3023.922,1755.482
RBT02,0,84,3038.973,1750.767
RBT02,0,85,3054.252,1746.853
RBT02,0,86,3069.717,1743.75
RBT02,0,87,3085.323,1741.468
RBT02,0,88,3101.028,1740.013
RBT02,0,89,3116.788,1739.388
RBT02,0,90,3132.559,1739.596
RBT02,0,91,3148.298,1740.637
RBT02,0,92,3163.959,1742.506
RBT02,0,93,3179.5,1745.199
RBT02,0,94,3194.877,1748.709
RBT02,0,95,3210.047,1753.025
RBT02,0,96,3224.968,1758.136
RBT02,0,97,3239.599,1764.027
RBT02,0,98,3253.899,1770.683
RBT02,0,99,3267.827,1778.083
RBT02,0,100,3281.346,1786.209
RBT02,0,101,3294.417,1795.036
RBT02,0,102,3307.003,1804.541
RBT02,0,103,3319.071,1814.697
RBT02,0,104,3330.586,1825.476
RBT02,0,105,3341.515,1836.848
RBT02,0,106,3351.83,1848.78
RBT02,0,107,3361.5,1861.24
RBT02,0,108,3370.5,1874.193
RBT02,0,109,3378.803,1887.603
RBT02,0,110,3386.387,1901.433
RBT02,0,111,3393.23,1915.643
RBT02,0,112,3399.314,1930.195
RBT02,0,113,3404.621,1945.048
RBT02,0,114,3409.138,1960.16
RBT02,0,115,3412.85,1975.489
RBT02,0,116,3415.748,1990.993
RBT02,0,117,3417.824,2006.628
RBT02,0,118,3419.072,2022.352
RBT02,0,119,3419.488,2038.118
RBT03,0,0,587.5,1841.747
RBT03,0,1,587.117,1856.26
RBT03,0,2,585.968,1870.733
RBT03,0,3,584.057,1885.125
RBT03,0,4,581.39,1899.396
RBT03,0,5,577.972,1913.506
RBT03,0,6,573.815,1927.417
RBT03,0,7,568.93,1941.088
RBT03,0,8,563.33,1954.483
RBT03,0,9,557.03,1967.564
RBT03,0,10,550.05,1980.293
RBT03,0,11,542.407,1992.637
RBT03,0,12,534.123,2004.56
RBT03,0,13,525.222,2016.03
RBT03,0,14,515.727,2027.013
RBT03,0,15,505.667,2037.48
RBT03,0,16,495.068,2047.402
RBT03,0,17,483.96,2056.75
RBT03,0,18,472.374,2065.5
RBT03,0,19,460.342,2073.625
RBT03,0,20,447.899,2081.105
RBT03,0,21,435.078,2087.917
RBT03,0,22,421.916,2094.043
RBT03,0,23,408.448,2099.466
RBT03,0,24,394.713,2104.17
RBT03,0,25,380.749,2108.143
RBT03,0,26,366.595,2111.374
RBT03,0,27,352.29,2113.853
RBT03,0,28,337.874,2115.574
RBT03,0,29,323.387,2116.531
RBT03,0,30,308.87,2116.723
RBT03,0,31,294.363,2116.148
RBT03,0,32,279.907,2114.809
RBT03,0,33,265.541,2112.708
RBT03,0,34,251.307,2109.852
RBT03,0,35,237.243,2106.249
RBT03,0,36,223.388,2101.909
RBT03,0,37,209.782,2096.843
RBT03,0,38,196.463,2091.067
RBT03,0,39,183.467,2084.595
RBT03,0,40,170.83,2077.447
RBT03,0,41,158.588,2069.642
RBT03,0,42,146.775,2061.202
RBT03,0,43,135.425,2052.15
RBT03,0,44,124.567,2042.511
RBT03,0,45,114.234,2032.313
RBT03,0,46,104.453,2021.584
RBT03,0,47,95.252,2010.354
RBT03,0,48,86.656,1998.653
RBT03,0,49,78.69,1986.516
RBT03,0,50,71.376,1973.975
RBT03,0,51,64.734,1961.065
RBT03,0,52,58.782,1947.823
RBT03,0,53,53.537,1934.285
RBT03,0,54,49.014,1920.489
RBT03,0,55,45.226,1906.474
RBT03,0,56,42.182,1892.278
RBT03,0,57,39.892,1877.941
RBT03,0,58,38.362,1863.504
RBT03,0,59,37.596,1849.006
RBT03,0,60,37.596,1834.488
RBT03,0,61,38.362,1819.99
RBT03,0,62,39.892,1805.552
RBT03,0,63,42.182,1791.216
RBT03,0,64,45.226,1777.02
RBT03,0,65,49.014,1763.005
RBT03,0,66,53.537,1749.209
RBT03,0,67,58.782,1735.671
RBT03,0,68,64.734,1722.429
RBT03,0,69,71.376,1709.519
RBT03,0,70,78.69,1696.978
RBT03,0,71,86.656,1684.84
RBT03,0,72,95.252,1673.14
RBT03,0,73,104.453,1661.91
RBT03,0,74,114.234,1651.181
RBT03,0,75,124.567,1640.983
RBT03,0,76,135.425,1631.344
RBT03,0,77,146.775,1622.292
RBT03,0,78,158.588,1613.852
RBT03,0,79,170.83,1606.047
RBT03,0,80,183.467,1598.898
RBT03,0,81,196.463,1592.427
RBT03,0,82,209.782,1586.651
RBT03,0,83,223.388,1581.585
RBT03,0,84,237.243,1577.245
RBT03,0,85,251.307,1573.642
RBT03,0,86,265.541,1570.786
RBT03,0,87,279.907,1568.685
RBT03,0,88,294.363,1567.346
RBT03,0,89,308.87,1566.771
RBT03,0,90,323.387,1566.962
RBT03,0,91,337.874,1567.92
RBT03,0,92,352.29,1569.641
RBT03,0,93,366.595,1572.12
RBT03,0,94,380.749,1575.35
RBT03,0,95,394.713,1579.323
RBT03,0,96,408.448,1584.028
RBT03,0,97,421.916,1589.451
RBT03,0,98,435.078,1595.577
RBT03,0,99,447.899,1602.389
RBT03,0,100,460.342,1609.868
RBT03,0,101,472.374,1617.994
RBT03,0,102,483.96,1626.743
RBT03,0,103,495.068,1636.092
RBT03,0,104,505.667,1646.013
RBT03,0,105,515.727,1656.481
RBT03,0,106,525.222,1667.464
RBT03,0,107,534.123,1678.933
RBT03,0,108,542.407,1690.857
RBT03,0,109,550.05,1703.2
RBT03,0,110,557.03,1715.93
RBT03,0,111,563.33,1729.011
RBT03,0,112,568.93,1742.405
RBT03,0,113,573.815,1756.077
RBT03,0,114,577.972,1769.987
RBT03,0,115,581.39,1784.098
RBT03,0,116,584.057,1798.369
RBT03,0,117,585.968,1812.761
RBT03,0,118,587.117,1827.234
RBT03,0,119,587.5,1841.747
RBT04,0,0,799.763,3000.95
RBT04,0,1,799.623,3006.245
RBT04,0,2,799.204,3011.526
RBT04,0,3,798.507,3016.777
RBT04,0,4,797.534,3021.985
RBT04,0,5,796.287,3027.133
RBT04,0,6,794.77,3032.209
RBT04,0,7,792.987,3037.197
RBT04,0,8,790.944,3042.085
RBT04,0,9,788.645,3046.857
RBT04,0,10,786.098,3051.502
RBT04,0,11,783.31,3056.006
RBT04,0,12,780.287,3060.357
RBT04,0,13,777.039,3064.542
RBT04,0,14,773.575,3068.549
RBT04,0,15,769.904,3072.369
RBT04,0,16,766.037,3075.989
RBT04,0,17,761.984,3079.4
RBT04,0,18,757.756,3082.592
RBT04,0,19,753.366,3085.557
RBT04,0,20,748.826,3088.286
RBT04,0,21,744.148,3090.772
RBT04,0,22,739.345,3093.007
RBT04,0,23,734.431,3094.986
RBT04,0,24,729.42,3096.702
RBT04,0,25,724.324,3098.152
RBT04,0,26,719.16,3099.331
RBT04,0,27,713.94,3100.235
RBT04,0,28,708.68,3100.863
RBT04,0,29,703.394,3101.212
RBT04,0,30,698.097,3101.282
RBT04,0,31,692.804,3101.073
RBT04,0,32,687.529,3100.584
RBT04,0,33,682.288,3099.817
RBT04,0,34,677.094,3098.775
RBT04,0,35,671.962,3097.461
RBT04,0,36,666.907,3095.877
RBT04,0,37,661.943,3094.029
RBT04,0,38,657.083,3091.921
RBT04,0,39,652.341,3089.56
RBT04,0,40,647.73,3086.951
RBT04,0,41,643.263,3084.104
RBT04,0,42,638.953,3081.024
RBT04,0,43,634.811,3077.721
RBT04,0,44,630.85,3074.204
RBT04,0,45,627.079,3070.483
RBT04,0,46,623.51,3066.568
RBT04,0,47,620.153,3062.471
RBT04,0,48,617.017,3058.201
RBT04,0,49,614.11,3053.773
RBT04,0,50,611.441,3049.197
RBT04,0,51,609.018,3044.486
RBT04,0,52,606.846,3039.654
RBT04,0,53,604.932,3034.715
RBT04,0,54,603.282,3029.681
RBT04,0,55,601.9,3024.567
RBT04,0,56,600.789,3019.388
RBT04,0,57,599.954,3014.156
RBT04,0,58,599.395,3008.889
RBT04,0,59,599.116,3003.599
RBT04,0,60,599.116,2998.301
RBT04,0,61,599.395,2993.011
RBT04,0,62,599.954,2987.743
RBT04,0,63,600.789,2982.512
RBT04,0,64,601.9,2977.333
RBT04,0,65,603.282,2972.219
RBT04,0,66,604.932,2967.185
RBT04,0,67,606.846,2962.245
RBT04,0,68,609.018,2957.413
RBT04,0,69,611.441,2952.703
RBT04,0,70,614.11,2948.127
RBT04,0,71,617.017,2943.698
RBT04,0,72,620.153,2939.429
RBT04,0,73,623.51,2935.331
RBT04,0,74,627.079,2931.417
RBT04,0,75,630.85,2927.696
RBT04,0,76,634.811,2924.179
RBT04,0,77,638.953,2920.876
RBT04,0,78,643.263,2917.796
RBT04,0,79,647.73,2914.948
RBT04,0,80,652.341,2912.34
RBT04,0,81,657.083,2909.979
RBT04,0,82,661.943,2907.871
RBT04,0,83,666.907,2906.023
RBT04,0,84,671.962,2904.439
RBT04,0,85,677.094,2903.124
RBT04,0,86,682.288,2902.082
RBT04,0,87,687.529,2901.316
RBT04,0,88,692.804,2900.827
RBT04,0,89,698.097,2900.617
RBT04,0,90,703.394,2900.687
RBT04,0,91,708.68,2901.037
RBT04,0,92,713.94,2901.665
RBT04,0,93,719.16,2902.569
RBT04,0,94,724.324,2903.748
RBT04,0,95,729.42,2905.198
RBT04,0,96,734.431,2906.914
RBT04,0,97,739.345,2908.893
RBT04,0,98,744.148,2911.128
RBT04,0,99,748.826,2913.614
RBT04,0,100,753.366,2916.343
RBT04,0,101,757.756,2919.308
RBT04,0,102,761.984,2922.5
RBT04,0,103,766.037,2925.911
RBT04,0,104,769.904,2929.531
RBT04,0,105,773.575,2933.35
RBT04,0,106,777.039,2937.358
RBT04,0,107,780.287,2941.543
RBT04,0,108,783.31,2945.893
RBT04,0,109,786.098,2950.397
RBT04,0,110,788.645,2955.042
RBT04,0,111,790.944,2959.815
RBT04,0,112,792.987,2964.702
RBT04,0,113,794.77,2969.691
RBT04,0,114,796.287,2974.767
RBT04,0,115,797.534,2979.915
RBT04,0,116,798.507,2985.122
RBT04,0,117,799.204,2990.374
RBT04,0,118,799.623,2995.654
RBT04,0,119,799.763,3000.95
RBT05,0,0,1552.983,1774.482
RBT05,0,1,1552.753,1783.19
RBT05,0,2,1552.063,1791.873
RBT05,0,3,1550.917,1800.508
RBT05,0,4,1549.316,1809.071
RBT05,0,5,1547.266,1817.537
RBT05,0,6,1544.772,1825.884
RBT05,0,7,1541.84,1834.087
RBT05,0,8,1538.48,1842.123
RBT05,0,9,1534.701,1849.972
RBT05,0,10,1530.512,1857.61
RBT05,0,11,1525.927,1865.016
RBT05,0,12,1520.956,1872.17
RBT05,0,13,1515.616,1879.051
RBT05,0,14,1509.919,1885.641
RBT05,0,15,1503.883,1891.922
RBT05,0,16,1497.523,1897.875
RBT05,0,17,1490.858,1903.484
RBT05,0,18,1483.907,1908.733
RBT05,0,19,1476.688,1913.609
RBT05,0,20,1469.222,1918.096
RBT05,0,21,1461.529,1922.184
RBT05,0,22,1453.632,1925.859
RBT05,0,23,1445.551,1929.113
RBT05,0,24,1437.31,1931.936
RBT05,0,25,1428.932,1934.32
RBT05,0,26,1420.439,1936.258
RBT05,0,27,1411.856,1937.745
RBT05,0,28,1403.207,1938.778
RBT05,0,29,1394.515,1939.352
RBT05,0,30,1385.805,1939.467
RBT05,0,31,1377.1,1939.122
RBT05,0,32,1368.427,1938.319
RBT05,0,33,1359.807,1937.058
RBT05,0,34,1351.267,1935.345
RBT05,0,35,1342.828,1933.183
RBT05,0,36,1334.516,1930.579
RBT05,0,37,1326.352,1927.539
RBT05,0,38,1318.36,1924.074
RBT05,0,39,1310.562,1920.191
RBT05,0,40,1302.98,1915.902
RBT05,0,41,1295.635,1911.219
RBT05,0,42,1288.548,1906.155
RBT05,0,43,1281.737,1900.723
RBT05,0,44,1275.223,1894.94
RBT05,0,45,1269.023,1888.821
RBT05,0,46,1263.154,1882.384
RBT05,0,47,1257.634,1875.646
RBT05,0,48,1252.476,1868.626
RBT05,0,49,1247.697,1861.343
RBT05,0,50,1243.308,1853.818
RBT05,0,51,1239.323,1846.073
RBT05,0,52,1235.752,1838.127
RBT05,0,53,1232.605,1830.004
RBT05,0,54,1229.891,1821.727
RBT05,0,55,1227.618,1813.318
RBT05,0,56,1225.792,1804.8
RBT05,0,57,1224.418,1796.198
RBT05,0,58,1223.5,1787.536
RBT05,0,59,1223.04,1778.837
RBT05,0,60,1223.04,1770.126
RBT05,0,61,1223.5,1761.427
RBT05,0,62,1224.418,1752.765
RBT05,0,63,1225.792,1744.163
RBT05,0,64,1227.618,1735.646
RBT05,0,65,1229.891,1727.236
RBT05,0,66,1232.605,1718.959
RBT05,0,67,1235.752,1710.836
RBT05,0,68,1239.323,1702.891
RBT05,0,69,1243.308,1695.145
RBT05,0,70,1247.697,1687.62
RBT05,0,71,1252.476,1680.338
RBT05,0,72,1257.634,1673.318
RBT05,0,73,1263.154,1666.579
RBT05,0,74,1269.023,1660.142
RBT05,0,75,1275.223,1654.023
RBT05,0,76,1281.737,1648.24
RBT05,0,77,1288.548,1642.809
RBT05,0,78,1295.635,1637.745
RBT05,0,79,1302.98,1633.062
RBT05,0,80,1310.562,1628.773
RBT05,0,81,1318.36,1624.89
RBT05,0,82,1326.352,1621.424
RBT05,0,83,1334.516,1618.385
RBT05,0,84,1342.828,1615.78
RBT05,0,85,1351.267,1613.619
RBT05,0,86,1359.807,1611.905
RBT05,0,87,1368.427,1610.645
RBT05,0,88,1377.1,1609.841
RBT05,0,89,1385.805,1609.496
RBT05,0,90,1394.515,1609.611
RBT05,0,91,1403.207,1610.186
RBT05,0,92,1411.856,1611.218
RBT05,0,93,1420.439,1612.705
RBT05,0,94,1428.932,1614.644
RBT05,0,95,1437.31,1617.028
RBT05,0,96,1445.551,1619.85
RBT05,0,97,1453.632,1623.104
RBT05,0,98,1461.529,1626.78
RBT05,0,99,1469.222,1630.867
RBT05,0,100,1476.688,1635.355
RBT05,0,101,1483.907,1640.23
RBT05,0,102,1490.858,1645.479
RBT05,0,103,1497.523,1651.089
RBT05,0,104,1503.883,1657.042
RBT05,0,105,1509.919,1663.322
RBT05,0,106,1515.616,1669.912
RBT05,0,107,1520.956,1676.794
RBT05,0,108,1525.927,1683.948
RBT05,0,109,1530.512,1691.354
RBT05,0,110,1534.701,1698.992
RBT05,0,111,1538.48,1706.84
RBT05,0,112,1541.84,1714.877
RBT05,0,113,1544.772,1723.08
RBT05,0,114,1547.266,1731.426
RBT05,0,115,1549.316,1739.892
RBT05,0,116,1550.917,1748.455
RBT05,0,117,1552.063,1757.09
RBT05,0,118,1552.753,1765.774
RBT05,0,119,1552.983,1774.482
RBT06,0,0,3339.894,2899.625
RBT06,0,1,3339.588,2911.236
RBT06,0,2,3338.669,2922.814
RBT06,0,3,3337.14,2934.328
RBT06,0,4,3335.006,2945.745
RBT06,0,5,3332.272,2957.033
RBT06,0,6,3328.947,2968.161
RBT06,0,7,3325.038,2979.099
RBT06,0,8,3320.558,2989.814
RBT06,0,9,3315.519,3000.279
RBT06,0,10,3309.934,3010.463
RBT06,0,11,3303.82,3020.338
RBT06,0,12,3297.193,3029.876
RBT06,0,13,3290.072,3039.052
RBT06,0,14,3282.476,3047.839
RBT06,0,15,3274.428,3056.212
RBT06,0,16,3265.949,3064.15
RBT06,0,17,3257.062,3071.628
RBT06,0,18,3247.794,3078.628
RBT06,0,19,3238.168,3085.128
RBT06,0,20,3228.214,3091.112
RBT06,0,21,3217.957,3096.561
RBT06,0,22,3207.427,3101.462
RBT06,0,23,3196.653,3105.8
RBT06,0,24,3185.665,3109.564
RBT06,0,25,3174.494,3112.743
RBT06,0,26,3163.17,3115.327
RBT06,0,27,3151.726,3117.31
RBT06,0,28,3140.193,3118.687
RBT06,0,29,3128.604,3119.453
RBT06,0,30,3116.991,3119.606
RBT06,0,31,3105.385,3119.146
RBT06,0,32,3093.82,3118.075
RBT06,0,33,3082.328,3116.394
RBT06,0,34,3070.94,3114.11
RBT06,0,35,3059.689,3111.227
RBT06,0,36,3048.605,3107.755
RBT06,0,37,3037.72,3103.702
RBT06,0,38,3027.065,3099.081
RBT06,0,39,3016.668,3093.904
RBT06,0,40,3006.558,3088.186
RBT06,0,41,2996.765,3081.942
RBT06,0,42,2987.315,3075.189
RBT06,0,43,2978.234,3067.948
RBT06,0,44,2969.548,3060.237
RBT06,0,45,2961.282,3052.079
RBT06,0,46,2953.457,3043.495
RBT06,0,47,2946.096,3034.511
RBT06,0,48,2939.22,3025.151
RBT06,0,49,2932.847,3015.441
RBT06,0,50,2926.995,3005.408
RBT06,0,51,2921.681,2995.08
RBT06,0,52,2916.92,2984.486
RBT06,0,53,2912.724,2973.656
RBT06,0,54,2909.106,2962.619
RBT06,0,55,2906.075,2951.407
RBT06,0,56,2903.64,2940.05
RBT06,0,57,2901.808,2928.581
RBT06,0,58,2900.584,2917.031
RBT06,0,59,2899.971,2905.433
RBT06,0,60,2899.971,2893.818
RBT06,0,61,2900.584,2882.22
RBT06,0,62,2901.808,2870.67
RBT06,0,63,2903.64,2859.201
RBT06,0,64,2906.075,2847.844
RBT06,0,65,2909.106,2836.632
RBT06,0,66,2912.724,2825.595
RBT06,0,67,2916.92,2814.765
RBT06,0,68,2921.681,2804.171
RBT06,0,69,2926.995,2793.843
RBT06,0,70,2932.847,2783.81
RBT06,0,71,2939.22,2774.1
RBT06,0,72,2946.096,2764.74
RBT06,0,73,2953.457,2755.756
RBT06,0,74,2961.282,2747.172
RBT06,0,75,2969.548,2739.014
RBT06,0,76,2978.234,2731.303
RBT06,0,77,2987.315,2724.062
RBT06,0,78,2996.765,2717.309
RBT06,0,79,3006.558,2711.065
RBT06,0,80,3016.668,2705.347
RBT06,0,81,3027.065,2700.17
RBT06,0,82,3037.72,2695.548
RBT06,0,83,3048.605,2691.496
RBT06,0,84,3059.689,2688.024
RBT06,0,85,3070.94,2685.141
RBT06,0,86,3082.328,2682.857
RBT06,0,87,3093.82,2681.176
RBT06,0,88,3105.385,2680.104
RBT06,0,89,3116.991,2679.645
RBT06,0,90,3128.604,2679.798
RBT06,0,91,3140.193,2680.564
RBT06,0,92,3151.726,2681.941
RBT06,0,93,3163.17,2683.924
RBT06,0,94,3174.494,2686.508
RBT06,0,95,3185.665,2689.687
RBT06,0,96,3196.653,2693.45
RBT06,0,97,3207.427,2697.789
RBT06,0,98,3217.957,2702.69
RBT06,0,99,3228.214,2708.139
RBT06,0,100,3238.168,2714.123
RBT06,0,101,3247.794,2720.623
RBT06,0,102,3257.062,2727.623
RBT06,0,103,3265.949,2735.101
RBT06,0,104,3274.428,2743.039
RBT06,0,105,3282.476,2751.412
RBT06,0,106,3290.072,2760.199
RBT06,0,107,3297.193,2769.375
RBT06,0,108,3303.82,2778.913
RBT06,0,109,3309.934,2788.788
RBT06,0,110,3315.519,2798.972
RBT06,0,111,3320.558,2809.437
RBT06,0,112,3325.038,2820.152
RBT06,0,113,3328.947,2831.09
RBT06,0,114,3332.272,2842.218
RBT06,0,115,3335.006,2853.506
RBT06,0,116,3337.14,2864.923
RBT06,0,117,3338.669,2876.437
RBT06,0,118,3339.588,2888.015
RBT06,0,119,3339.894,2899.625
RBT07,0,0,2243.349,1687.5
RBT07,0,1,2243.119,1696.208
RBT07,0,2,2242.43,1704.892
RBT07,0,3,2241.284,1713.527
RBT07,0,4,2239.683,1722.089
RBT07,0,5,2237.633,1730.556
RBT07,0,6,2235.139,1738.902
RBT07,0,7,2232.207,1747.105
RBT07,0,8,2228.847,1755.142
RBT07,0,9,2225.068,1762.99
RBT07,0,10,2220.879,1770.628
RBT07,0,11,2216.293,1778.034
RBT07,0,12,2211.323,1785.188
RBT07,0,13,2205.982,1792.07
RBT07,0,14,2200.286,1798.66
RBT07,0,15,2194.249,1804.94
RBT07,0,16,2187.89,1810.893
RBT07,0,17,2181.225,1816.502
RBT07,0,18,2174.274,1821.752
RBT07,0,19,2167.055,1826.627
RBT07,0,20,2159.589,1831.115
RBT07,0,21,2151.896,1835.202
RBT07,0,22,2143.999,1838.878
RBT07,0,23,2135.918,1842.131
RBT07,0,24,2127.677,1844.954
RBT07,0,25,2119.299,1847.338
RBT07,0,26,2110.806,1849.276
RBT07,0,27,2102.223,1850.764
RBT07,0,28,2093.574,1851.796
RBT07,0,29,2084.882,1852.371
RBT07,0,30,2076.171,1852.486
RBT07,0,31,2067.467,1852.141
RBT07,0,32,2058.793,1851.337
RBT07,0,33,2050.174,1850.077
RBT07,0,34,2041.633,1848.363
RBT07,0,35,2033.195,1846.201
RBT07,0,36,2024.882,1843.597
RBT07,0,37,2016.719,1840.558
RBT07,0,38,2008.727,1837.092
RBT07,0,39,2000.929,1833.209
RBT07,0,40,1993.347,1828.92
RBT07,0,41,1986.002,1824.237
RBT07,0,42,1978.915,1819.173
RBT07,0,43,1972.104,1813.742
RBT07,0,44,1965.59,1807.959
RBT07,0,45,1959.39,1801.84
RBT07,0,46,1953.521,1795.402
RBT07,0,47,1948.0,1788.664
RBT07,0,48,1942.843,1781.644
RBT07,0,49,1938.064,1774.361
RBT07,0,50,1933.675,1766.837
RBT07,0,51,1929.69,1759.091
RBT07,0,52,1926.118,1751.145
RBT07,0,53,1922.972,1743.023
RBT07,0,54,1920.258,1734.745
RBT07,0,55,1917.985,1726.336
RBT07,0,56,1916.159,1717.819
RBT07,0,57,1914.785,1709.217
RBT07,0,58,1913.867,1700.554
RBT07,0,59,1913.407,1691.855
RBT07,0,60,1913.407,1683.145
RBT07,0,61,1913.867,1674.446
RBT07,0,62,1914.785,1665.783
RBT07,0,63,1916.159,1657.181
RBT07,0,64,1917.985,1648.664
RBT07,0,65,1920.258,1640.255
RBT07,0,66,1922.972,1631.977
RBT07,0,67,1926.118,1623.855
RBT07,0,68,1929.69,1615.909
RBT07,0,69,1933.675,1608.163
RBT07,0,70,1938.064,1600.639
RBT07,0,71,1942.843,1593.356
RBT07,0,72,1948.0,1586.336
RBT07,0,73,1953.521,1579.598
RBT07,0,74,1959.39,1573.16
RBT07,0,75,1965.59,1567.041
RBT07,0,76,1972.104,1561.258
RBT07,0,77,1978.915,1555.827
RBT07,0,78,1986.002,1550.763
RBT07,0,79,1993.347,1546.08
RBT07,0,80,2000.929,1541.791
RBT07,0,81,2008.727,1537.908
RBT07,0,82,2016.719,1534.442
RBT07,0,83,2024.882,1531.403
RBT07,0,84,2033.195,1528.799
RBT07,0,85,2041.633,1526.637
RBT07,0,86,2050.174,1524.923
RBT07,0,87,2058.793,1523.663
RBT07,0,88,2067.467,1522.859
RBT07,0,89,2076.171,1522.514
RBT07,0,90,2084.882,1522.629
RBT07,0,91,2093.574,1523.204
RBT07,0,92,2102.223,1524.236
RBT07,0,93,2110.806,1525.724
RBT07,0,94,2119.299,1527.662
RBT07,0,95,2127.677,1530.046
RBT07,0,96,2135.918,1532.869
RBT07,0,97,2143.999,1536.122
RBT07,0,98,2151.896,1539.798
RBT07,0,99,2159.589,1543.885
RBT07,0,100,2167.055,1548.373
RBT07,0,101,2174.274,1553.248
RBT07,0,102,2181.225,1558.498
RBT07,0,103,2187.89,1564.107
RBT07,0,104,2194.249,1570.06
RBT07,0,105,2200.286,1576.34
RBT07,0,106,2205.982,1582.93
RBT07,0,107,2211.323,1589.812
RBT07,0,108,2216.293,1596.966
RBT07,0,109,2220.879,1604.372
RBT07,0,110,2225.068,1612.01
RBT07,0,111,2228.847,1619.858
RBT07,0,112,2232.207,1627.895
RBT07,0,113,2235.139,1636.098
RBT07,0,114,2237.633,1644.444
RBT07,0,115,2239.683,1652.911
RBT07,0,116,2241.284,1661.473
RBT07,0,117,2242.43,1670.108
RBT07,0,118,2243.119,1678.792
RBT07,0,119,2243.349,1687.5
RBT08,0,0,3070.153,3951.177
RBT08,0,1,3069.923,3959.885
RBT08,0,2,3069.234,3968.569
RBT08,0,3,3068.087,3977.204
RBT08,0,4,3066.487,3985.767
RBT08,0,5,3064.436,3994.233
RBT08,0,6,3061.942,4002.579
RBT08,0,7,3059.011,4010.782
RBT08,0,8,3055.651,4018.819
RBT08,0,9,3051.871,4026.667
RBT08,0,10,3047.683,4034.305
RBT08,0,11,3043.097,4041.711
RBT08,0,12,3038.127,4048.865
RBT08,0,13,3032.786,4055.747
RBT08,0,14,3027.089,4062.337
RBT08,0,15,3021.053,4068.617
RBT08,0,16,3014.693,4074.57
RBT08,0,17,3008.029,4080.18
RBT08,0,18,3001.077,4085.429
RBT08,0,19,2993.858,4090.304
RBT08,0,20,2986.392,4094.792
RBT08,0,21,2978.7,4098.879
RBT08,0,22,2970.802,4102.555
RBT08,0,23,2962.722,4105.809
RBT08,0,24,2954.481,4108.631
RBT08,0,25,2946.102,4111.015
RBT08,0,26,2937.61,4112.954
RBT08,0,27,2929.027,4114.441
RBT08,0,28,2920.377,4115.473
RBT08,0,29,2911.685,4116.048
RBT08,0,30,2902.975,4116.163
RBT08,0,31,2894.271,4115.818
RBT08,0,32,2885.597,4115.014
RBT08,0,33,2876.978,4113.754
RBT08,0,34,2868.437,4112.04
RBT08,0,35,2859.998,4109.879
RBT08,0,36,2851.686,4107.274
RBT08,0,37,2843.522,4104.235
RBT08,0,38,2835.53,4100.769
RBT08,0,39,2827.733,4096.886
RBT08,0,40,2820.151,4092.597
RBT08,0,41,2812.806,4087.914
RBT08,0,42,2805.718,4082.85
RBT08,0,43,2798.908,4077.419
RBT08,0,44,2792.393,4071.636
RBT08,0,45,2786.193,4065.517
RBT08,0,46,2780.325,4059.08
RBT08,0,47,2774.804,4052.341
RBT08,0,48,2769.647,4045.321
RBT08,0,49,2764.867,4038.039
RBT08,0,50,2760.478,4030.514
RBT08,0,51,2756.493,4022.768
RBT08,0,52,2752.922,4014.823
RBT08,0,53,2749.775,4006.7
RBT08,0,54,2747.061,3998.423
RBT08,0,55,2744.788,3990.013
RBT08,0,56,2742.962,3981.496
RBT08,0,57,2741.588,3972.894
RBT08,0,58,2740.67,3964.232
RBT08,0,59,2740.21,3955.533
RBT08,0,60,2740.21,3946.822
RBT08,0,61,2740.67,3938.123
RBT08,0,62,2741.588,3929.461
RBT08,0,63,2742.962,3920.859
RBT08,0,64,2744.788,3912.341
RBT08,0,65,2747.061,3903.932
RBT08,0,66,2749.775,3895.655
RBT08,0,67,2752.922,3887.532
RBT08,0,68,2756.493,3879.586
RBT08,0,69,2760.478,3871.841
RBT08,0,70,2764.867,3864.316
RBT08,0,71,2769.647,3857.033
RBT08,0,72,2774.804,3850.013
RBT08,0,73,2780.325,3843.275
RBT08,0,74,2786.193,3836.838
RBT08,0,75,2792.393,3830.719
RBT08,0,76,2798.908,3824.936
RBT08,0,77,2805.718,3819.504
RBT08,0,78,2812.806,3814.44
RBT08,0,79,2820.151,3809.757
RBT08,0,80,2827.733,3805.468
RBT08,0,81,2835.53,3801.585
RBT08,0,82,2843.522,3798.12
RBT08,0,83,2851.686,3795.08
RBT08,0,84,2859.998,3792.476
RBT08,0,85,2868.437,3790.314
RBT08,0,86,2876.978,3788.601
RBT08,0,87,2885.597,3787.34
RBT08,0,88,2894.271,3786.537
RBT08,0,89,2902.975,3786.192
RBT08,0,90,2911.685,3786.307
RBT08,0,91,2920.377,3786.881
RBT08,0,92,2929.027,3787.914
RBT08,0,93,2937.61,3789.401
RBT08,0,94,2946.102,3791.339
RBT08,0,95,2954.481,3793.723
RBT08,0,96,2962.722,3796.546
RBT08,0,97,2970.802,3799.8
RBT08,0,98,2978.7,3803.475
RBT08,0,99,2986.392,3807.563
RBT08,0,100,2993.858,3812.05
RBT08,0,101,3001.077,3816.926
RBT08,0,102,3008.029,3822.175
RBT08,0,103,3014.693,3827.784
RBT08,0,104,3021.053,3833.737
RBT08,0,105,3027.089,3840.018
RBT08,0,106,3032.786,3846.608
RBT08,0,107,3038.127,3853.489
RBT08,0,108,3043.097,3860.643
RBT08,0,109,3047.683,3868.049
RBT08,0,110,3051.871,3875.687
RBT08,0,111,3055.651,3883.536
RBT08,0,112,3059.011,3891.572
RBT08,0,113,3061.942,3899.775
RBT08,0,114,3064.436,3908.122
RBT08,0,115,3066.487,3916.588
RBT08,0,116,3068.087,3925.151
RBT08,0,117,3069.234,3933.786
RBT08,0,118,3069.923,3942.469
RBT08,0,119,3070.153,3951.177
