seq,pair,direction,route_type,node_id,x,y,z,slowness,slowness_raw,flz_support,emergency_risk,risk_obstacle,risk_ra,risk_total,obstacle_flag,ra_flag,objective_flag,label,label_prefix
0,DK03_to_DK04,backward,main,2329,300.0,1150.0,0.0,0.08494385903254988,0.085,0.0016512049250036575,0.9983487950749963,0.0,0.0,0.0,0,0,1,DK04,DK
1,DK03_to_DK04,backward,main,2429,250.0,1200.0,0.0,0.08494987175841312,0.085,0.001474360046673147,0.9985256399533269,0.0,0.0,0.0,0,0,0,NONE,NONE
2,DK03_to_DK04,backward,main,2529,200.0,1250.0,0.0,0.08495558883936083,0.085,0.0013062106070345731,0.9986937893929654,0.0,0.0,0.0,0,0,0,NONE,NONE
3,DK03_to_DK04,backward,main,2630,200.0,1300.0,0.0,0.08495169789320757,0.085,0.0014206501997775765,0.9985793498002224,0.0,0.0,0.0,0,0,0,NONE,NONE
4,DK03_to_DK04,backward,main,2731,200.0,1350.0,0.0,0.08494767086431627,0.085,0.0015390922259922361,0.9984609077740078,0.0,0.0,0.0,0,0,0,NONE,NONE
5,DK03_to_DK04,backward,main,2832,200.0,1400.0,0.0,0.08494352911596012,0.085,0.0016609083541143561,0.9983390916458856,0.0,0.0,0.0,0,0,0,NONE,NONE
6,DK03_to_DK04,backward,main,2933,200.0,1450.0,0.0,0.08493929714062681,0.085,0.0017853782168585108,0.9982146217831415,0.0,0.0,0.0,0,0,0,NONE,NONE
7,DK03_to_DK04,backward,main,3034,200.0,1500.0,0.0,0.08493500241088962,0.085,0.001911693797364258,0.9980883062026358,0.0,0.0,0.0,0,0,0,NONE,NONE
8,DK03_to_DK04,backward,main,3135,200.0,1550.0,0.0,0.08493067515860873,0.085,0.002038965923272597,0.9979610340767274,0.0,0.0,0.0,0,0,0,NONE,NONE
9,DK03_to_DK04,backward,main,3236,200.0,1600.0,0.0,0.0849263480824465,0.085,0.002166232869220756,0.9978337671307792,0.0,0.0,0.0,0,0,0,NONE,NONE
10,DK03_to_DK04,backward,main,3337,200.0,1650.0,0.0,0.08492205598569921,0.085,0.002292471008846966,0.997707528991153,0.0,0.0,0.0,0,0,0,NONE,NONE
11,DK03_to_DK04,backward,main,3438,200.0,1700.0,0.0,0.08491783534854606,0.085,0.0024166073957040354,0.997583392604296,0.0,0.0,0.0,0,0,0,NONE,NONE
12,DK03_to_DK04,backward,main,3539,200.0,1750.0,0.0,0.08491372384092088,0.085,0.0025375340905626083,0.9974624659094374,0.0,0.0,0.0,0,0,0,NONE,NONE
13,DK03_to_DK04,backward,main,3640,200.0,1800.0,0.0,0.08490975978424957,0.085,0.0026541239926597365,0.9973458760073403,0.0,0.0,0.0,0,0,0,NONE,NONE
14,DK03_to_DK04,backward,main,3741,200.0,1850.0,0.0,0.0849059815721891,0.085,0.0027652478767918433,0.9972347521232081,0.0,0.0,0.0,0,0,0,NONE,NONE
15,DK03_to_DK04,backward,main,3843,250.0,1900.0,0.0,0.0848797485997272,0.085,0.00353680589037639,0.9964631941096236,0.0,0.0,0.0,0,0,0,NONE,NONE
16,DK03_to_DK04,backward,main,3945,300.0,1950.0,0.0,0.08484739302834822,0.085,0.004488440342699523,0.9955115596573004,0.0,0.0,0.0,0,0,0,NONE,NONE
17,DK03_to_DK04,backward,main,4047,350.0,2000.0,0.0,0.08480783880951388,0.085,0.005651799720180069,0.99434820027982,0.0,0.0,0.0,0,0,0,NONE,NONE
18,DK03_to_DK04,backward,main,4149,400.0,2050.0,0.0,0.08475991553387839,0.085,0.007061307827106542,0.9929386921728934,0.0,0.0,0.0,0,0,0,NONE,NONE
19,DK03_to_DK04,backward,main,4251,450.0,2100.0,0.0,0.08470237492595349,0.085,0.008753678648426806,0.9912463213515732,0.0,0.0,0.0,0,0,0,NONE,NONE
20,DK03_to_DK04,backward,main,4353,500.0,2150.0,0.0,0.0846339149060174,0.085,0.0107672086465471,0.9892327913534529,0.0,0.0,0.0,0,0,0,NONE,NONE
21,DK03_to_DK04,backward,main,4455,550.0,2200.0,0.0,0.084553211846118,0.085,0.013140828055353401,0.9868591719446466,0.0,0.0,0.0,0,0,0,NONE,NONE
22,DK03_to_DK04,backward,main,4557,600.0,2250.0,0.0,0.08445896130372542,0.085,0.015912902831605506,0.9840870971683945,0.0,0.0,0.0,0,0,0,NONE,NONE
23,DK03_to_DK04,backward,main,4659,650.0,2300.0,0.0,0.08434992707194856,0.085,0.019119792001513192,0.9808802079984869,0.0,0.0,0.0,0,0,0,NONE,NONE
24,DK03_to_DK04,backward,main,4761,700.0,2350.0,0.0,0.08422499784995718,0.085,0.022794180883612344,0.9772058191163877,0.0,0.0,0.0,0,0,0,NONE,NONE
25,DK03_to_DK04,backward,main,4863,750.0,2400.0,0.0,0.08408325023226147,0.085,0.026963228462898267,0.9730367715371018,0.0,0.0,0.0,0,0,0,NONE,NONE
26,DK03_to_DK04,backward,main,4965,800.0,2450.0,0.0,0.08392401607222479,0.085,0.03164658611103602,0.968353413888964,0.0,0.0,0.0,0,0,0,NONE,NONE
27,DK03_to_DK04,backward,main,5067,850.0,2500.0,0.0,0.08374695163489271,0.085,0.03685436367962657,0.9631456363203734,0.0,0.0,0.0,0,0,0,NONE,NONE
28,DK03_to_DK04,backward,main,5169,900.0,2550.0,0.0,0.08355210536618123,0.085,0.04258513628878761,0.9574148637112124,0.0,0.0,0.0,0,0,0,NONE,NONE
29,DK03_to_DK04,backward,main,5271,950.0,2600.0,0.0,0.08333998062395573,0.085,0.048824099295419955,0.95117590070458,0.0,0.0,0.0,0,0,0,NONE,NONE
30,DK03_to_DK04,backward,main,5373,1000.0,2650.0,0.0,0.08302867821499135,0.085,0.0579800525002544,0.9420199474997456,0.0,0.0,0.0,0,0,0,NONE,NONE
31,DK03_to_DK04,backward,main,5475,1050.0,2700.0,0.0,0.08257523278827623,0.085,0.07131668269775804,0.928683317302242,0.0,0.0,0.0,0,0,0,NONE,NONE
32,DK03_to_DK04,backward,main,5577,1100.0,2750.0,0.0,0.0820406954996884,0.085,0.08703836765622351,0.9129616323437765,0.0,0.0,0.0,0,0,0,NONE,NONE
33,DK03_to_DK04,backward,main,5679,1150.0,2800.0,0.0,0.08141642636489663,0.085,0.10539922456186433,0.8946007754381357,0.0,0.0,0.0,0,0,0,NONE,NONE
34,DK03_to_DK04,backward,main,5781,1200.0,2850.0,0.0,0.08069423735880563,0.085,0.12664007768218774,0.8733599223178122,0.0,0.0,0.0,0,0,0,NONE,NONE
35,DK03_to_DK04,backward,main,5883,1250.0,2900.0,0.0,0.07986676777249892,0.085,0.1509774184559146,0.8490225815440854,0.0,0.0,0.0,0,0,0,NONE,NONE
36,DK03_to_DK04,backward,main,5985,1300.0,2950.0,0.0,0.0789279014231772,0.085,0.17859113461243561,0.8214088653875644,0.0,0.0,0.0,0,0,0,NONE,NONE
37,DK03_to_DK04,backward,main,6087,1350.0,3000.0,0.0,0.07787321283686267,0.085,0.2096113871510978,0.7903886128489022,0.0,0.0,0.0,0,0,0,NONE,NONE
38,DK03_to_DK04,backward,main,6189,1400.0,3050.0,0.0,0.07670042528265117,0.085,0.24410513874555384,0.7558948612544462,0.0,0.0,0.0,0,0,0,NONE,NONE
39,DK03_to_DK04,backward,main,6291,1450.0,3100.0,0.0,0.07540985964241027,0.085,0.28206295169381546,0.7179370483061845,0.0,0.0,0.0,0,0,0,NONE,NONE
40,DK03_to_DK04,backward,main,6393,1500.0,3150.0,0.0,0.07400484991052483,0.085,0.32338676733750477,0.6766132326624952,0.0,0.0,0.0,0,0,0,NONE,NONE
41,DK03_to_DK04,backward,main,6495,1550.0,3200.0,0.0,0.07249209900017096,0.085,0.36787944117144233,0.6321205588285577,0.0,0.0,0.0,0,0,0,NONE,NONE
42,DK03_to_DK04,backward,main,6597,1600.0,3250.0,0.0,0.0708819478248174,0.085,0.4152368286818413,0.5847631713181587,0.0,0.0,0.0,0,0,0,NONE,NONE
43,DK03_to_DK04,backward,main,6699,1650.0,3300.0,0.0,0.06918853160344209,0.085,0.4650431881340563,0.5349568118659437,0.0,0.0,0.0,0,0,0,NONE,NONE
44,DK03_to_DK04,backward,main,6801,1700.0,3350.0,0.0,0.0674298001854944,0.085,0.5167705827795767,0.48322941722042334,0.0,0.0,0.0,0,0,0,NONE,NONE
45,DK03_to_DK04,backward,main,6903,1750.0,3400.0,0.0,0.06562738395914862,0.085,0.569782824730923,0.430217175269077,0.0,0.0,0.0,0,0,0,NONE,NONE
46,DK03_to_DK04,backward,main,7005,1800.0,3450.0,0.0,0.06380629349537244,0.085,0.6233443089596343,0.37665569104036567,0.0,0.0,0.0,0,0,0,NONE,NONE
47,DK03_to_DK04,backward,main,7107,1850.0,3500.0,0.0,0.06199444923050122,0.085,0.676633846161729,0.32336615383827105,0.0,0.0,0.0,0,0,0,NONE,NONE
48,DK03_to_DK04,backward,main,7209,1900.0,3550.0,0.0,0.0602220467827373,0.085,0.7287633299194912,0.2712366700805088,0.0,0.0,0.0,0,0,0,NONE,NONE
49,DK03_to_DK04,backward,main,7311,1950.0,3600.0,0.0,0.05852077337557223,0.085,0.7788007830714049,0.22119921692859512,0.0,0.0,0.0,0,0,0,NONE,NONE
50,DK03_to_DK04,backward,main,7413,2000.0,3650.0,0.0,0.056922900641696576,0.085,0.8257970399501007,0.17420296004989932,0.0,0.0,0.0,0,0,0,NONE,NONE
51,DK03_to_DK04,backward,main,7515,2050.0,3700.0,0.0,0.05546028808706333,0.085,0.8688150562628432,0.13118494373715683,0.0,0.0,0.0,0,0,0,NONE,NONE
52,DK03_to_DK04,backward,main,7617,2100.0,3750.0,0.0,0.05525000000000001,0.085,0.9069606178873836,0.09303938211261642,0.0,0.0,0.0,0,0,0,NONE,NONE
53,DK03_to_DK04,backward,main,7719,2150.0,3800.0,0.0,0.05525000000000001,0.085,0.9394130628134758,0.06058693718652419,0.0,0.0,0.0,0,0,0,NONE,NONE
54,DK03_to_DK04,backward,main,7821,2200.0,3850.0,0.0,0.05525000000000001,0.085,0.9654545521978378,0.03454544780216218,0.0,0.0,0.0,0,0,0,NONE,NONE
55,DK03_to_DK04,backward,main,7923,2250.0,3900.0,0.0,0.05525000000000001,0.085,0.9844964370054085,0.015503562994591547,0.0,0.0,0.0,0,0,0,NONE,NONE
56,DK03_to_DK04,backward,main,8025,2300.0,3950.0,0.0,0.05525000000000001,0.085,0.9961013694701175,0.0038986305298824853,0.0,0.0,0.0,0,0,0,NONE,NONE
57,DK03_to_DK04,backward,main,8127,2350.0,4000.0,0.0,0.05525000000000001,0.085,1.0,0.0,0.0,0.0,0.0,0,0,1,FLZ03,FLZ
58,DK03_to_DK04,backward,main,8229,2400.0,4050.0,0.0,0.05525000000000001,0.085,0.9961013694701175,0.0038986305298824853,0.0,0.0,0.0,0,0,0,NONE,NONE
59,DK03_to_DK04,backward,main,8331,2450.0,4100.0,0.0,0.05525000000000001,0.085,0.9844964370054085,0.015503562994591547,0.0,0.0,0.0,0,0,0,NONE,NONE
60,DK03_to_DK04,backward,main,8433,2500.0,4150.0,0.0,0.05525000000000001,0.085,0.9654545521978378,0.03454544780216218,0.0,0.0,0.0,0,0,0,NONE,NONE
61,DK03_to_DK04,backward,main,8535,2550.0,4200.0,0.0,0.05525000000000001,0.085,0.9394130628134758,0.06058693718652419,0.0,0.0,0.0,0,0,0,NONE,NONE
62,DK03_to_DK04,backward,main,8637,2600.0,4250.0,0.0,0.05525000000000001,0.085,0.9069606178873836,0.09303938211261642,0.0,0.0,0.0,0,0,0,NONE,NONE
63,DK03_to_DK04,backward,main,8739,2650.0,4300.0,0.0,0.05546028808706333,0.085,0.8688150562628432,0.13118494373715683,0.0,0.0,0.0,0,0,0,NONE,NONE
64,DK03_to_DK04,backward,main,8841,2700.0,4350.0,0.0,0.056922900641696576,0.085,0.8257970399501007,0.17420296004989932,0.0,0.0,0.0,0,0,0,NONE,NONE
65,DK03_to_DK04,backward,main,8943,2750.0,4400.0,0.0,0.05852077337557223,0.085,0.7788007830714049,0.22119921692859512,0.0,0.0,0.0,0,0,0,NONE,NONE
66,DK03_to_DK04,backward,main,9045,2800.0,4450.0,0.0,0.0602220467827373,0.085,0.7287633299194912,0.2712366700805088,0.0,0.0,0.0,0,0,0,NONE,NONE
67,DK03_to_DK04,backward,main,9046,2850.0,4450.0,0.0,0.0611246893066498,0.085,0.7022150203926532,0.29778497960734684,0.0,0.0,0.0,0,0,0,NONE,NONE
68,DK03_to_DK04,backward,main,9047,2900.0,4450.0,0.0,0.062084139373087946,0.085,0.673995900791531,0.32600409920846896,0.0,0.0,0.0,0,0,0,NONE,NONE
69,DK03_to_DK04,backward,main,9149,2950.0,4500.0,0.0,0.06388891992659275,0.085,0.6209141198060958,0.3790858801939042,0.0,0.0,0.0,0,0,0,NONE,NONE
70,DK03_to_DK04,backward,main,9150,3000.0,4500.0,0.0,0.06489497267191992,0.085,0.5913243331788259,0.40867566682117407,0.0,0.0,0.0,0,0,0,NONE,NONE
71,DK03_to_DK04,backward,main,9151,3050.0,4500.0,0.0,0.06592772853230801,0.085,0.5609491608144708,0.43905083918552923,0.0,0.0,0.0,0,0,0,NONE,NONE
72,DK03_to_DK04,backward,main,9253,3100.0,4550.0,0.0,0.06770220088514614,0.085,0.5087587974957017,0.49124120250429826,0.0,0.0,0.0,0,0,1,DK03,DK
