pair,direction,route_type,edge_seq,from_node_id,to_node_id,x1,y1,x2,y2,edge_distance_m,route_rank,route_key
DB01_to_DK03,forward,main,0,7798,7797,1050.0,3850.0,1000.0,3850.0,50.0,1,forward_main_01
DB01_to_DK03,forward,main,1,7797,7796,1000.0,3850.0,950.0,3850.0,50.0,1,forward_main_01
DB01_to_DK03,forward,main,2,7796,7694,950.0,3850.0,900.0,3800.0,70.71067811865476,1,forward_main_01
DB01_to_DK03,forward,main,3,7694,7592,900.0,3800.0,850.0,3750.0,70.71067811865476,1,forward_main_01
DB01_to_DK03,forward,main,4,7592,7490,850.0,3750.0,800.0,3700.0,70.71067811865476,1,forward_main_01
DB01_to_DK03,forward,main,5,7490,7388,800.0,3700.0,750.0,3650.0,70.71067811865476,1,forward_main_01
DB01_to_DK03,forward,main,6,7388,7286,750.0,3650.0,700.0,3600.0,70.71067811865476,1,forward_main_01
DB01_to_DK03,forward,main,7,7286,7184,700.0,3600.0,650.0,3550.0,70.71067811865476,1,forward_main_01
DB01_to_DK03,forward,main,8,7184,7083,650.0,3550.0,650.0,3500.0,50.0,1,forward_main_01
DB01_to_DK03,forward,main,9,7083,6982,650.0,3500.0,650.0,3450.0,50.0,1,forward_main_01
DB01_to_DK03,forward,main,10,6982,6881,650.0,3450.0,650.0,3400.0,50.0,1,forward_main_01
DB01_to_DK03,forward,main,11,6881,6780,650.0,3400.0,650.0,3350.0,50.0,1,forward_main_01
DB01_to_DK03,forward,main,12,6780,6678,650.0,3350.0,600.0,3300.0,70.71067811865476,1,forward_main_01
DB01_to_DK03,forward,main,13,6678,6577,600.0,3300.0,600.0,3250.0,50.0,1,forward_main_01
DB01_to_DK03,forward,main,14,6577,6476,600.0,3250.0,600.0,3200.0,50.0,1,forward_main_01
DB01_to_DK03,forward,main,15,6476,6375,600.0,3200.0,600.0,3150.0,50.0,1,forward_main_01
DB01_to_DK03,forward,main,16,6375,6273,600.0,3150.0,550.0,3100.0,70.71067811865476,1,forward_main_01
DB01_to_DK03,forward,main,17,6273,6172,550.0,3100.0,550.0,3050.0,50.0,1,forward_main_01
DB01_to_DK03,forward,main,18,6172,6071,550.0,3050.0,550.0,3000.0,50.0,1,forward_main_01
DB01_to_DK03,forward,main,19,6071,5969,550.0,3000.0,500.0,2950.0,70.71067811865476,1,forward_main_01
DB01_to_DK03,forward,main,20,5969,5868,500.0,2950.0,500.0,2900.0,50.0,1,forward_main_01
DB01_to_DK03,forward,main,21,5868,5766,500.0,2900.0,450.0,2850.0,70.71067811865476,1,forward_main_01
DB01_to_DK03,forward,main,22,5766,5665,450.0,2850.0,450.0,2800.0,50.0,1,forward_main_01
DB01_to_DK03,forward,main,23,5665,5564,450.0,2800.0,450.0,2750.0,50.0,1,forward_main_01
DB01_to_DK03,forward,main,24,5564,5464,450.0,2750.0,500.0,2700.0,70.71067811865476,1,forward_main_01
DB01_to_DK03,forward,main,25,5464,5363,500.0,2700.0,500.0,2650.0,50.0,1,forward_main_01
DB01_to_DK03,forward,main,26,5363,5262,500.0,2650.0,500.0,2600.0,50.0,1,forward_main_01
DB01_to_DK03,forward,main,27,5262,5161,500.0,2600.0,500.0,2550.0,50.0,1,forward_main_01
DB01_to_DK03,forward,main,28,5161,5061,500.0,2550.0,550.0,2500.0,70.71067811865476,1,forward_main_01
DB01_to_DK03,forward,main,29,5061,4960,550.0,2500.0,550.0,2450.0,50.0,1,forward_main_01
DB01_to_DK03,forward,main,30,4960,4859,550.0,2450.0,550.0,2400.0,50.0,1,forward_main_01
DB01_to_DK03,forward,main,31,4859,4758,550.0,2400.0,550.0,2350.0,50.0,1,forward_main_01
DB01_to_DK03,forward,main,32,4758,4657,550.0,2350.0,550.0,2300.0,50.0,1,forward_main_01
DB01_to_DK03,forward,main,33,4657,4557,550.0,2300.0,600.0,2250.0,70.71067811865476,1,forward_main_01
DB01_to_DK03,forward,main,34,4557,4456,600.0,2250.0,600.0,2200.0,50.0,1,forward_main_01
DB01_to_DK03,forward,main,35,4456,4355,600.0,2200.0,600.0,2150.0,50.0,1,forward_main_01
DB01_to_DK03,forward,main,36,4355,4254,600.0,2150.0,600.0,2100.0,50.0,1,forward_main_01
DB01_to_DK03,forward,main,37,4254,4153,600.0,2100.0,600.0,2050.0,50.0,1,forward_main_01
DB01_to_DK03,forward,main,38,4153,4052,600.0,2050.0,600.0,2000.0,50.0,1,forward_main_01
DB01_to_DK03,forward,main,39,4052,3952,600.0,2000.0,650.0,1950.0,70.71067811865476,1,forward_main_01
DB01_to_DK03,forward,main,40,3952,3851,650.0,1950.0,650.0,1900.0,50.0,1,forward_main_01
DB01_to_DK03,forward,main,41,3851,3750,650.0,1900.0,650.0,1850.0,50.0,1,forward_main_01
DB01_to_DK03,forward,main,42,3750,3649,650.0,1850.0,650.0,1800.0,50.0,1,forward_main_01
DB01_to_DK03,forward,main,43,3649,3548,650.0,1800.0,650.0,1750.0,50.0,1,forward_main_01
DB01_to_DK03,forward,main,44,3548,3448,650.0,1750.0,700.0,1700.0,70.71067811865476,1,forward_main_01
DB01_to_DK03,forward,main,45,3448,3347,700.0,1700.0,700.0,1650.0,50.0,1,forward_main_01
DB01_to_DK03,forward,main,46,3347,3246,700.0,1650.0,700.0,1600.0,50.0,1,forward_main_01
DB01_to_DK03,forward,main,47,3246,3146,700.0,1600.0,750.0,1550.0,70.71067811865476,1,forward_main_01
DB01_to_DK03,forward,main,48,3146,3046,750.0,1550.0,800.0,1500.0,70.71067811865476,1,forward_main_01
DB01_to_DK03,forward,main,49,3046,2946,800.0,1500.0,850.0,1450.0,70.71067811865476,1,forward_main_01
DB01_to_DK03,forward,main,50,2946,2846,850.0,1450.0,900.0,1400.0,70.71067811865476,1,forward_main_01
DB01_to_DK03,forward,main,51,2846,2746,900.0,1400.0,950.0,1350.0,70.71067811865476,1,forward_main_01
DB01_to_DK03,forward,main,52,2746,2646,950.0,1350.0,1000.0,1300.0,70.71067811865476,1,forward_main_01
DB01_to_DK03,forward,main,53,2646,2546,1000.0,1300.0,1050.0,1250.0,70.71067811865476,1,forward_main_01
DB01_to_DK03,forward,backup,0,7798,7797,1050.0,3850.0,1000.0,3850.0,50.0,1,forward_backup_01
DB01_to_DK03,forward,backup,1,7797,7796,1000.0,3850.0,950.0,3850.0,50.0,1,forward_backup_01
DB01_to_DK03,forward,backup,2,7796,7795,950.0,3850.0,900.0,3850.0,50.0,1,forward_backup_01
DB01_to_DK03,forward,backup,3,7795,7794,900.0,3850.0,850.0,3850.0,50.0,1,forward_backup_01
DB01_to_DK03,forward,backup,4,7794,7793,850.0,3850.0,800.0,3850.0,50.0,1,forward_backup_01
DB01_to_DK03,forward,backup,5,7793,7792,800.0,3850.0,750.0,3850.0,50.0,1,forward_backup_01
DB01_to_DK03,forward,backup,6,7792,7791,750.0,3850.0,700.0,3850.0,50.0,1,forward_backup_01
DB01_to_DK03,forward,backup,7,7791,7689,700.0,3850.0,650.0,3800.0,70.71067811865476,1,forward_backup_01
DB01_to_DK03,forward,backup,8,7689,7587,650.0,3800.0,600.0,3750.0,70.71067811865476,1,forward_backup_01
DB01_to_DK03,forward,backup,9,7587,7486,600.0,3750.0,600.0,3700.0,50.0,1,forward_backup_01
DB01_to_DK03,forward,backup,10,7486,7385,600.0,3700.0,600.0,3650.0,50.0,1,forward_backup_01
DB01_to_DK03,forward,backup,11,7385,7284,600.0,3650.0,600.0,3600.0,50.0,1,forward_backup_01
DB01_to_DK03,forward,backup,12,7284,7183,600.0,3600.0,600.0,3550.0,50.0,1,forward_backup_01
DB01_to_DK03,forward,backup,13,7183,7082,600.0,3550.0,600.0,3500.0,50.0,1,forward_backup_01
DB01_to_DK03,forward,backup,14,7082,6981,600.0,3500.0,600.0,3450.0,50.0,1,forward_backup_01
DB01_to_DK03,forward,backup,15,6981,6879,600.0,3450.0,550.0,3400.0,70.71067811865476,1,forward_backup_01
DB01_to_DK03,forward,backup,16,6879,6878,550.0,3400.0,500.0,3400.0,50.0,1,forward_backup_01
DB01_to_DK03,forward,backup,17,6878,6776,500.0,3400.0,450.0,3350.0,70.71067811865476,1,forward_backup_01
DB01_to_DK03,forward,backup,18,6776,6674,450.0,3350.0,400.0,3300.0,70.71067811865476,1,forward_backup_01
DB01_to_DK03,forward,backup,19,6674,6673,400.0,3300.0,350.0,3300.0,50.0,1,forward_backup_01
DB01_to_DK03,forward,backup,20,6673,6572,350.0,3300.0,350.0,3250.0,50.0,1,forward_backup_01
DB01_to_DK03,forward,backup,21,6572,6471,350.0,3250.0,350.0,3200.0,50.0,1,forward_backup_01
DB01_to_DK03,forward,backup,22,6471,6370,350.0,3200.0,350.0,3150.0,50.0,1,forward_backup_01
DB01_to_DK03,forward,backup,23,6370,6268,350.0,3150.0,300.0,3100.0,70.71067811865476,1,forward_backup_01
DB01_to_DK03,forward,backup,24,6268,6167,300.0,3100.0,300.0,3050.0,50.0,1,forward_backup_01
DB01_to_DK03,forward,backup,25,6167,6066,300.0,3050.0,300.0,3000.0,50.0,1,forward_backup_01
DB01_to_DK03,forward,backup,26,6066,5966,300.0,3000.0,350.0,2950.0,70.71067811865476,1,forward_backup_01
DB01_to_DK03,forward,backup,27,5966,5865,350.0,2950.0,350.0,2900.0,50.0,1,forward_backup_01
DB01_to_DK03,forward,backup,28,5865,5765,350.0,2900.0,400.0,2850.0,70.71067811865476,1,forward_backup_01
DB01_to_DK03,forward,backup,29,5765,5664,400.0,2850.0,400.0,2800.0,50.0,1,forward_backup_01
DB01_to_DK03,forward,backup,30,5664,5563,400.0,2800.0,400.0,2750.0,50.0,1,forward_backup_01
DB01_to_DK03,forward,backup,31,5563,5461,400.0,2750.0,350.0,2700.0,70.71067811865476,1,forward_backup_01
DB01_to_DK03,forward,backup,32,5461,5360,350.0,2700.0,350.0,2650.0,50.0,1,forward_backup_01
DB01_to_DK03,forward,backup,33,5360,5258,350.0,2650.0,300.0,2600.0,70.71067811865476,1,forward_backup_01
DB01_to_DK03,forward,backup,34,5258,5157,300.0,2600.0,300.0,2550.0,50.0,1,forward_backup_01
DB01_to_DK03,forward,backup,35,5157,5057,300.0,2550.0,350.0,2500.0,70.71067811865476,1,forward_backup_01
DB01_to_DK03,forward,backup,36,5057,4956,350.0,2500.0,350.0,2450.0,50.0,1,forward_backup_01
DB01_to_DK03,forward,backup,37,4956,4856,350.0,2450.0,400.0,2400.0,70.71067811865476,1,forward_backup_01
DB01_to_DK03,forward,backup,38,4856,4756,400.0,2400.0,450.0,2350.0,70.71067811865476,1,forward_backup_01
DB01_to_DK03,forward,backup,39,4756,4757,450.0,2350.0,500.0,2350.0,50.0,1,forward_backup_01
DB01_to_DK03,forward,backup,40,4757,4657,500.0,2350.0,550.0,2300.0,70.71067811865476,1,forward_backup_01
DB01_to_DK03,forward,backup,41,4657,4557,550.0,2300.0,600.0,2250.0,70.71067811865476,1,forward_backup_01
DB01_to_DK03,forward,backup,42,4557,4456,600.0,2250.0,600.0,2200.0,50.0,1,forward_backup_01
DB01_to_DK03,forward,backup,43,4456,4356,600.0,2200.0,650.0,2150.0,70.71067811865476,1,forward_backup_01
DB01_to_DK03,forward,backup,44,4356,4255,650.0,2150.0,650.0,2100.0,50.0,1,forward_backup_01
DB01_to_DK03,forward,backup,45,4255,4154,650.0,2100.0,650.0,2050.0,50.0,1,forward_backup_01
DB01_to_DK03,forward,backup,46,4154,4053,650.0,2050.0,650.0,2000.0,50.0,1,forward_backup_01
DB01_to_DK03,forward,backup,47,4053,3952,650.0,2000.0,650.0,1950.0,50.0,1,forward_backup_01
DB01_to_DK03,forward,backup,48,3952,3851,650.0,1950.0,650.0,1900.0,50.0,1,forward_backup_01
DB01_to_DK03,forward,backup,49,3851,3750,650.0,1900.0,650.0,1850.0,50.0,1,forward_backup_01
DB01_to_DK03,forward,backup,50,3750,3649,650.0,1850.0,650.0,1800.0,50.0,1,forward_backup_01
DB01_to_DK03,forward,backup,51,3649,3548,650.0,1800.0,650.0,1750.0,50.0,1,forward_backup_01
DB01_to_DK03,forward,backup,52,3548,3447,650.0,1750.0,650.0,1700.0,50.0,1,forward_backup_01
DB01_to_DK03,forward,backup,53,3447,3346,650.0,1700.0,650.0,1650.0,50.0,1,forward_backup_01
DB01_to_DK03,forward,backup,54,3346,3245,650.0,1650.0,650.0,1600.0,50.0,1,forward_backup_01
DB01_to_DK03,forward,backup,55,3245,3144,650.0,1600.0,650.0,1550.0,50.0,1,forward_backup_01
DB01_to_DK03,forward,backup,56,3144,3044,650.0,1550.0,700.0,1500.0,70.71067811865476,1,forward_backup_01
DB01_to_DK03,forward,backup,57,3044,2944,700.0,1500.0,750.0,1450.0,70.71067811865476,1,forward_backup_01
DB01_to_DK03,forward,backup,58,2944,2844,750.0,1450.0,800.0,1400.0,70.71067811865476,1,forward_backup_01
DB01_to_DK03,forward,backup,59,2844,2744,800.0,1400.0,850.0,1350.0,70.71067811865476,1,forward_backup_01
DB01_to_DK03,forward,backup,60,2744,2644,850.0,1350.0,900.0,1300.0,70.71067811865476,1,forward_backup_01
DB01_to_DK03,forward,backup,61,2644,2645,900.0,1300.0,950.0,1300.0,50.0,1,forward_backup_01
DB01_to_DK03,forward,backup,62,2645,2646,950.0,1300.0,1000.0,1300.0,50.0,1,forward_backup_01
DB01_to_DK03,forward,backup,63,2646,2546,1000.0,1300.0,1050.0,1250.0,70.71067811865476,1,forward_backup_01
DB01_to_DK03,backward,main,0,2546,2648,1050.0,1250.0,1100.0,1300.0,70.71067811865476,1,backward_main_01
DB01_to_DK03,backward,main,1,2648,2649,1100.0,1300.0,1150.0,1300.0,50.0,1,backward_main_01
DB01_to_DK03,backward,main,2,2649,2751,1150.0,1300.0,1200.0,1350.0,70.71067811865476,1,backward_main_01
DB01_to_DK03,backward,main,3,2751,2752,1200.0,1350.0,1250.0,1350.0,50.0,1,backward_main_01
DB01_to_DK03,backward,main,4,2752,2854,1250.0,1350.0,1300.0,1400.0,70.71067811865476,1,backward_main_01
DB01_to_DK03,backward,main,5,2854,2855,1300.0,1400.0,1350.0,1400.0,50.0,1,backward_main_01
DB01_to_DK03,backward,main,6,2855,2957,1350.0,1400.0,1400.0,1450.0,70.71067811865476,1,backward_main_01
DB01_to_DK03,backward,main,7,2957,2958,1400.0,1450.0,1450.0,1450.0,50.0,1,backward_main_01
DB01_to_DK03,backward,main,8,2958,3060,1450.0,1450.0,1500.0,1500.0,70.71067811865476,1,backward_main_01
DB01_to_DK03,backward,main,9,3060,3162,1500.0,1500.0,1550.0,1550.0,70.71067811865476,1,backward_main_01
DB01_to_DK03,backward,main,10,3162,3264,1550.0,1550.0,1600.0,1600.0,70.71067811865476,1,backward_main_01
DB01_to_DK03,backward,main,11,3264,3366,1600.0,1600.0,1650.0,1650.0,70.71067811865476,1,backward_main_01
DB01_to_DK03,backward,main,12,3366,3468,1650.0,1650.0,1700.0,1700.0,70.71067811865476,1,backward_main_01
DB01_to_DK03,backward,main,13,3468,3570,1700.0,1700.0,1750.0,1750.0,70.71067811865476,1,backward_main_01
DB01_to_DK03,backward,main,14,3570,3672,1750.0,1750.0,1800.0,1800.0,70.71067811865476,1,backward_main_01
DB01_to_DK03,backward,main,15,3672,3772,1800.0,1800.0,1750.0,1850.0,70.71067811865476,1,backward_main_01
DB01_to_DK03,backward,main,16,3772,3872,1750.0,1850.0,1700.0,1900.0,70.71067811865476,1,backward_main_01
DB01_to_DK03,backward,main,17,3872,3871,1700.0,1900.0,1650.0,1900.0,50.0,1,backward_main_01
DB01_to_DK03,backward,main,18,3871,3971,1650.0,1900.0,1600.0,1950.0,70.71067811865476,1,backward_main_01
DB01_to_DK03,backward,main,19,3971,4071,1600.0,1950.0,1550.0,2000.0,70.71067811865476,1,backward_main_01
DB01_to_DK03,backward,main,20,4071,4171,1550.0,2000.0,1500.0,2050.0,70.71067811865476,1,backward_main_01
DB01_to_DK03,backward,main,21,4171,4271,1500.0,2050.0,1450.0,2100.0,70.71067811865476,1,backward_main_01
DB01_to_DK03,backward,main,22,4271,4270,1450.0,2100.0,1400.0,2100.0,50.0,1,backward_main_01
DB01_to_DK03,backward,main,23,4270,4370,1400.0,2100.0,1350.0,2150.0,70.71067811865476,1,backward_main_01
DB01_to_DK03,backward,main,24,4370,4470,1350.0,2150.0,1300.0,2200.0,70.71067811865476,1,backward_main_01
DB01_to_DK03,backward,main,25,4470,4469,1300.0,2200.0,1250.0,2200.0,50.0,1,backward_main_01
DB01_to_DK03,backward,main,26,4469,4468,1250.0,2200.0,1200.0,2200.0,50.0,1,backward_main_01
DB01_to_DK03,backward,main,27,4468,4467,1200.0,2200.0,1150.0,2200.0,50.0,1,backward_main_01
DB01_to_DK03,backward,main,28,4467,4466,1150.0,2200.0,1100.0,2200.0,50.0,1,backward_main_01
DB01_to_DK03,backward,main,29,4466,4566,1100.0,2200.0,1050.0,2250.0,70.71067811865476,1,backward_main_01
DB01_to_DK03,backward,main,30,4566,4565,1050.0,2250.0,1000.0,2250.0,50.0,1,backward_main_01
DB01_to_DK03,backward,main,31,4565,4564,1000.0,2250.0,950.0,2250.0,50.0,1,backward_main_01
DB01_to_DK03,backward,main,32,4564,4563,950.0,2250.0,900.0,2250.0,50.0,1,backward_main_01
DB01_to_DK03,backward,main,33,4563,4663,900.0,2250.0,850.0,2300.0,70.71067811865476,1,backward_main_01
DB01_to_DK03,backward,main,34,4663,4662,850.0,2300.0,800.0,2300.0,50.0,1,backward_main_01
DB01_to_DK03,backward,main,35,4662,4661,800.0,2300.0,750.0,2300.0,50.0,1,backward_main_01
DB01_to_DK03,backward,main,36,4661,4660,750.0,2300.0,700.0,2300.0,50.0,1,backward_main_01
DB01_to_DK03,backward,main,37,4660,4760,700.0,2300.0,650.0,2350.0,70.71067811865476,1,backward_main_01
DB01_to_DK03,backward,main,38,4760,4759,650.0,2350.0,600.0,2350.0,50.0,1,backward_main_01
DB01_to_DK03,backward,main,39,4759,4758,600.0,2350.0,550.0,2350.0,50.0,1,backward_main_01
DB01_to_DK03,backward,main,40,4758,4757,550.0,2350.0,500.0,2350.0,50.0,1,backward_main_01
DB01_to_DK03,backward,main,41,4757,4756,500.0,2350.0,450.0,2350.0,50.0,1,backward_main_01
DB01_to_DK03,backward,main,42,4756,4755,450.0,2350.0,400.0,2350.0,50.0,1,backward_main_01
DB01_to_DK03,backward,main,43,4755,4754,400.0,2350.0,350.0,2350.0,50.0,1,backward_main_01
DB01_to_DK03,backward,main,44,4754,4753,350.0,2350.0,300.0,2350.0,50.0,1,backward_main_01
DB01_to_DK03,backward,main,45,4753,4853,300.0,2350.0,250.0,2400.0,70.71067811865476,1,backward_main_01
DB01_to_DK03,backward,main,46,4853,4852,250.0,2400.0,200.0,2400.0,50.0,1,backward_main_01
DB01_to_DK03,backward,main,47,4852,4952,200.0,2400.0,150.0,2450.0,70.71067811865476,1,backward_main_01
DB01_to_DK03,backward,main,48,4952,5053,150.0,2450.0,150.0,2500.0,50.0,1,backward_main_01
DB01_to_DK03,backward,main,49,5053,5154,150.0,2500.0,150.0,2550.0,50.0,1,backward_main_01
DB01_to_DK03,backward,main,50,5154,5255,150.0,2550.0,150.0,2600.0,50.0,1,backward_main_01
DB01_to_DK03,backward,main,51,5255,5356,150.0,2600.0,150.0,2650.0,50.0,1,backward_main_01
DB01_to_DK03,backward,main,52,5356,5457,150.0,2650.0,150.0,2700.0,50.0,1,backward_main_01
DB01_to_DK03,backward,main,53,5457,5558,150.0,2700.0,150.0,2750.0,50.0,1,backward_main_01
DB01_to_DK03,backward,main,54,5558,5659,150.0,2750.0,150.0,2800.0,50.0,1,backward_main_01
DB01_to_DK03,backward,main,55,5659,5760,150.0,2800.0,150.0,2850.0,50.0,1,backward_main_01
DB01_to_DK03,backward,main,56,5760,5861,150.0,2850.0,150.0,2900.0,50.0,1,backward_main_01
DB01_to_DK03,backward,main,57,5861,5962,150.0,2900.0,150.0,2950.0,50.0,1,backward_main_01
DB01_to_DK03,backward,main,58,5962,6063,150.0,2950.0,150.0,3000.0,50.0,1,backward_main_01
DB01_to_DK03,backward,main,59,6063,6164,150.0,3000.0,150.0,3050.0,50.0,1,backward_main_01
DB01_to_DK03,backward,main,60,6164,6265,150.0,3050.0,150.0,3100.0,50.0,1,backward_main_01
DB01_to_DK03,backward,main,61,6265,6366,150.0,3100.0,150.0,3150.0,50.0,1,backward_main_01
DB01_to_DK03,backward,main,62,6366,6467,150.0,3150.0,150.0,3200.0,50.0,1,backward_main_01
DB01_to_DK03,backward,main,63,6467,6568,150.0,3200.0,150.0,3250.0,50.0,1,backward_main_01
DB01_to_DK03,backward,main,64,6568,6669,150.0,3250.0,150.0,3300.0,50.0,1,backward_main_01
DB01_to_DK03,backward,main,65,6669,6770,150.0,3300.0,150.0,3350.0,50.0,1,backward_main_01
DB01_to_DK03,backward,main,66,6770,6871,150.0,3350.0,150.0,3400.0,50.0,1,backward_main_01
DB01_to_DK03,backward,main,67,6871,6972,150.0,3400.0,150.0,3450.0,50.0,1,backward_main_01
DB01_to_DK03,backward,main,68,6972,7073,150.0,3450.0,150.0,3500.0,50.0,1,backward_main_01
DB01_to_DK03,backward,main,69,7073,7174,150.0,3500.0,150.0,3550.0,50.0,1,backward_main_01
DB01_to_DK03,backward,main,70,7174,7275,150.0,3550.0,150.0,3600.0,50.0,1,backward_main_01
DB01_to_DK03,backward,main,71,7275,7376,150.0,3600.0,150.0,3650.0,50.0,1,backward_main_01
DB01_to_DK03,backward,main,72,7376,7477,150.0,3650.0,150.0,3700.0,50.0,1,backward_main_01
DB01_to_DK03,backward,main,73,7477,7579,150.0,3700.0,200.0,3750.0,70.71067811865476,1,backward_main_01
DB01_to_DK03,backward,main,74,7579,7580,200.0,3750.0,250.0,3750.0,50.0,1,backward_main_01
DB01_to_DK03,backward,main,75,7580,7682,250.0,3750.0,300.0,3800.0,70.71067811865476,1,backward_main_01
DB01_to_DK03,backward,main,76,7682,7784,300.0,3800.0,350.0,3850.0,70.71067811865476,1,backward_main_01
DB01_to_DK03,backward,main,77,7784,7886,350.0,3850.0,400.0,3900.0,70.71067811865476,1,backward_main_01
DB01_to_DK03,backward,main,78,7886,7887,400.0,3900.0,450.0,3900.0,50.0,1,backward_main_01
DB01_to_DK03,backward,main,79,7887,7989,450.0,3900.0,500.0,3950.0,70.71067811865476,1,backward_main_01
DB01_to_DK03,backward,main,80,7989,8091,500.0,3950.0,550.0,4000.0,70.71067811865476,1,backward_main_01
DB01_to_DK03,backward,main,81,8091,8092,550.0,4000.0,600.0,4000.0,50.0,1,backward_main_01
DB01_to_DK03,backward,main,82,8092,8194,600.0,4000.0,650.0,4050.0,70.71067811865476,1,backward_main_01
DB01_to_DK03,backward,main,83,8194,8195,650.0,4050.0,700.0,4050.0,50.0,1,backward_main_01
DB01_to_DK03,backward,main,84,8195,8196,700.0,4050.0,750.0,4050.0,50.0,1,backward_main_01
DB01_to_DK03,backward,main,85,8196,8197,750.0,4050.0,800.0,4050.0,50.0,1,backward_main_01
DB01_to_DK03,backward,main,86,8197,8198,800.0,4050.0,850.0,4050.0,50.0,1,backward_main_01
DB01_to_DK03,backward,main,87,8198,8199,850.0,4050.0,900.0,4050.0,50.0,1,backward_main_01
DB01_to_DK03,backward,main,88,8199,8200,900.0,4050.0,950.0,4050.0,50.0,1,backward_main_01
DB01_to_DK03,backward,main,89,8200,8302,950.0,4050.0,1000.0,4100.0,70.71067811865476,1,backward_main_01
DB01_to_DK03,backward,main,90,8302,8303,1000.0,4100.0,1050.0,4100.0,50.0,1,backward_main_01
DB01_to_DK03,backward,main,91,8303,8203,1050.0,4100.0,1100.0,4050.0,70.71067811865476,1,backward_main_01
DB01_to_DK03,backward,main,92,8203,8102,1100.0,4050.0,1100.0,4000.0,50.0,1,backward_main_01
DB01_to_DK03,backward,main,93,8102,8001,1100.0,4000.0,1100.0,3950.0,50.0,1,backward_main_01
DB01_to_DK03,backward,main,94,8001,7899,1100.0,3950.0,1050.0,3900.0,70.71067811865476,1,backward_main_01
DB01_to_DK03,backward,main,95,7899,7798,1050.0,3900.0,1050.0,3850.0,50.0,1,backward_main_01
DB01_to_DK03,backward,backup,0,2546,2648,1050.0,1250.0,1100.0,1300.0,70.71067811865476,1,backward_backup_01
DB01_to_DK03,backward,backup,1,2648,2649,1100.0,1300.0,1150.0,1300.0,50.0,1,backward_backup_01
DB01_to_DK03,backward,backup,2,2649,2650,1150.0,1300.0,1200.0,1300.0,50.0,1,backward_backup_01
DB01_to_DK03,backward,backup,3,2650,2752,1200.0,1300.0,1250.0,1350.0,70.71067811865476,1,backward_backup_01
DB01_to_DK03,backward,backup,4,2752,2854,1250.0,1350.0,1300.0,1400.0,70.71067811865476,1,backward_backup_01
DB01_to_DK03,backward,backup,5,2854,2956,1300.0,1400.0,1350.0,1450.0,70.71067811865476,1,backward_backup_01
DB01_to_DK03,backward,backup,6,2956,2957,1350.0,1450.0,1400.0,1450.0,50.0,1,backward_backup_01
DB01_to_DK03,backward,backup,7,2957,2958,1400.0,1450.0,1450.0,1450.0,50.0,1,backward_backup_01
DB01_to_DK03,backward,backup,8,2958,2959,1450.0,1450.0,1500.0,1450.0,50.0,1,backward_backup_01
DB01_to_DK03,backward,backup,9,2959,2960,1500.0,1450.0,1550.0,1450.0,50.0,1,backward_backup_01
DB01_to_DK03,backward,backup,10,2960,3062,1550.0,1450.0,1600.0,1500.0,70.71067811865476,1,backward_backup_01
DB01_to_DK03,backward,backup,11,3062,3164,1600.0,1500.0,1650.0,1550.0,70.71067811865476,1,backward_backup_01
DB01_to_DK03,backward,backup,12,3164,3266,1650.0,1550.0,1700.0,1600.0,70.71067811865476,1,backward_backup_01
DB01_to_DK03,backward,backup,13,3266,3368,1700.0,1600.0,1750.0,1650.0,70.71067811865476,1,backward_backup_01
DB01_to_DK03,backward,backup,14,3368,3470,1750.0,1650.0,1800.0,1700.0,70.71067811865476,1,backward_backup_01
DB01_to_DK03,backward,backup,15,3470,3572,1800.0,1700.0,1850.0,1750.0,70.71067811865476,1,backward_backup_01
DB01_to_DK03,backward,backup,16,3572,3673,1850.0,1750.0,1850.0,1800.0,50.0,1,backward_backup_01
DB01_to_DK03,backward,backup,17,3673,3774,1850.0,1800.0,1850.0,1850.0,50.0,1,backward_backup_01
DB01_to_DK03,backward,backup,18,3774,3874,1850.0,1850.0,1800.0,1900.0,70.71067811865476,1,backward_backup_01
DB01_to_DK03,backward,backup,19,3874,3974,1800.0,1900.0,1750.0,1950.0,70.71067811865476,1,backward_backup_01
DB01_to_DK03,backward,backup,20,3974,3973,1750.0,1950.0,1700.0,1950.0,50.0,1,backward_backup_01
DB01_to_DK03,backward,backup,21,3973,4073,1700.0,1950.0,1650.0,2000.0,70.71067811865476,1,backward_backup_01
DB01_to_DK03,backward,backup,22,4073,4173,1650.0,2000.0,1600.0,2050.0,70.71067811865476,1,backward_backup_01
DB01_to_DK03,backward,backup,23,4173,4273,1600.0,2050.0,1550.0,2100.0,70.71067811865476,1,backward_backup_01
DB01_to_DK03,backward,backup,24,4273,4373,1550.0,2100.0,1500.0,2150.0,70.71067811865476,1,backward_backup_01
DB01_to_DK03,backward,backup,25,4373,4372,1500.0,2150.0,1450.0,2150.0,50.0,1,backward_backup_01
DB01_to_DK03,backward,backup,26,4372,4472,1450.0,2150.0,1400.0,2200.0,70.71067811865476,1,backward_backup_01
DB01_to_DK03,backward,backup,27,4472,4572,1400.0,2200.0,1350.0,2250.0,70.71067811865476,1,backward_backup_01
DB01_to_DK03,backward,backup,28,4572,4571,1350.0,2250.0,1300.0,2250.0,50.0,1,backward_backup_01
DB01_to_DK03,backward,backup,29,4571,4570,1300.0,2250.0,1250.0,2250.0,50.0,1,backward_backup_01
DB01_to_DK03,backward,backup,30,4570,4569,1250.0,2250.0,1200.0,2250.0,50.0,1,backward_backup_01
DB01_to_DK03,backward,backup,31,4569,4669,1200.0,2250.0,1150.0,2300.0,70.71067811865476,1,backward_backup_01
DB01_to_DK03,backward,backup,32,4669,4668,1150.0,2300.0,1100.0,2300.0,50.0,1,backward_backup_01
DB01_to_DK03,backward,backup,33,4668,4667,1100.0,2300.0,1050.0,2300.0,50.0,1,backward_backup_01
DB01_to_DK03,backward,backup,34,4667,4666,1050.0,2300.0,1000.0,2300.0,50.0,1,backward_backup_01
DB01_to_DK03,backward,backup,35,4666,4665,1000.0,2300.0,950.0,2300.0,50.0,1,backward_backup_01
DB01_to_DK03,backward,backup,36,4665,4664,950.0,2300.0,900.0,2300.0,50.0,1,backward_backup_01
DB01_to_DK03,backward,backup,37,4664,4764,900.0,2300.0,850.0,2350.0,70.71067811865476,1,backward_backup_01
DB01_to_DK03,backward,backup,38,4764,4763,850.0,2350.0,800.0,2350.0,50.0,1,backward_backup_01
DB01_to_DK03,backward,backup,39,4763,4762,800.0,2350.0,750.0,2350.0,50.0,1,backward_backup_01
DB01_to_DK03,backward,backup,40,4762,4761,750.0,2350.0,700.0,2350.0,50.0,1,backward_backup_01
DB01_to_DK03,backward,backup,41,4761,4861,700.0,2350.0,650.0,2400.0,70.71067811865476,1,backward_backup_01
DB01_to_DK03,backward,backup,42,4861,4961,650.0,2400.0,600.0,2450.0,70.71067811865476,1,backward_backup_01
DB01_to_DK03,backward,backup,43,4961,5062,600.0,2450.0,600.0,2500.0,50.0,1,backward_backup_01
DB01_to_DK03,backward,backup,44,5062,5162,600.0,2500.0,550.0,2550.0,70.71067811865476,1,backward_backup_01
DB01_to_DK03,backward,backup,45,5162,5161,550.0,2550.0,500.0,2550.0,50.0,1,backward_backup_01
DB01_to_DK03,backward,backup,46,5161,5160,500.0,2550.0,450.0,2550.0,50.0,1,backward_backup_01
DB01_to_DK03,backward,backup,47,5160,5159,450.0,2550.0,400.0,2550.0,50.0,1,backward_backup_01
DB01_to_DK03,backward,backup,48,5159,5259,400.0,2550.0,350.0,2600.0,70.71067811865476,1,backward_backup_01
DB01_to_DK03,backward,backup,49,5259,5360,350.0,2600.0,350.0,2650.0,50.0,1,backward_backup_01
DB01_to_DK03,backward,backup,50,5360,5461,350.0,2650.0,350.0,2700.0,50.0,1,backward_backup_01
DB01_to_DK03,backward,backup,51,5461,5562,350.0,2700.0,350.0,2750.0,50.0,1,backward_backup_01
DB01_to_DK03,backward,backup,52,5562,5663,350.0,2750.0,350.0,2800.0,50.0,1,backward_backup_01
DB01_to_DK03,backward,backup,53,5663,5764,350.0,2800.0,350.0,2850.0,50.0,1,backward_backup_01
DB01_to_DK03,backward,backup,54,5764,5865,350.0,2850.0,350.0,2900.0,50.0,1,backward_backup_01
DB01_to_DK03,backward,backup,55,5865,5966,350.0,2900.0,350.0,2950.0,50.0,1,backward_backup_01
DB01_to_DK03,backward,backup,56,5966,6066,350.0,2950.0,300.0,3000.0,70.71067811865476,1,backward_backup_01
DB01_to_DK03,backward,backup,57,6066,6166,300.0,3000.0,250.0,3050.0,70.71067811865476,1,backward_backup_01
DB01_to_DK03,backward,backup,58,6166,6267,250.0,3050.0,250.0,3100.0,50.0,1,backward_backup_01
DB01_to_DK03,backward,backup,59,6267,6367,250.0,3100.0,200.0,3150.0,70.71067811865476,1,backward_backup_01
DB01_to_DK03,backward,backup,60,6367,6468,200.0,3150.0,200.0,3200.0,50.0,1,backward_backup_01
DB01_to_DK03,backward,backup,61,6468,6570,200.0,3200.0,250.0,3250.0,70.71067811865476,1,backward_backup_01
DB01_to_DK03,backward,backup,62,6570,6571,250.0,3250.0,300.0,3250.0,50.0,1,backward_backup_01
DB01_to_DK03,backward,backup,63,6571,6673,300.0,3250.0,350.0,3300.0,70.71067811865476,1,backward_backup_01
DB01_to_DK03,backward,backup,64,6673,6774,350.0,3300.0,350.0,3350.0,50.0,1,backward_backup_01
DB01_to_DK03,backward,backup,65,6774,6875,350.0,3350.0,350.0,3400.0,50.0,1,backward_backup_01
DB01_to_DK03,backward,backup,66,6875,6976,350.0,3400.0,350.0,3450.0,50.0,1,backward_backup_01
DB01_to_DK03,backward,backup,67,6976,7077,350.0,3450.0,350.0,3500.0,50.0,1,backward_backup_01
DB01_to_DK03,backward,backup,68,7077,7178,350.0,3500.0,350.0,3550.0,50.0,1,backward_backup_01
DB01_to_DK03,backward,backup,69,7178,7279,350.0,3550.0,350.0,3600.0,50.0,1,backward_backup_01
DB01_to_DK03,backward,backup,70,7279,7280,350.0,3600.0,400.0,3600.0,50.0,1,backward_backup_01
DB01_to_DK03,backward,backup,71,7280,7281,400.0,3600.0,450.0,3600.0,50.0,1,backward_backup_01
DB01_to_DK03,backward,backup,72,7281,7383,450.0,3600.0,500.0,3650.0,70.71067811865476,1,backward_backup_01
DB01_to_DK03,backward,backup,73,7383,7485,500.0,3650.0,550.0,3700.0,70.71067811865476,1,backward_backup_01
DB01_to_DK03,backward,backup,74,7485,7587,550.0,3700.0,600.0,3750.0,70.71067811865476,1,backward_backup_01
DB01_to_DK03,backward,backup,75,7587,7689,600.0,3750.0,650.0,3800.0,70.71067811865476,1,backward_backup_01
DB01_to_DK03,backward,backup,76,7689,7791,650.0,3800.0,700.0,3850.0,70.71067811865476,1,backward_backup_01
DB01_to_DK03,backward,backup,77,7791,7792,700.0,3850.0,750.0,3850.0,50.0,1,backward_backup_01
DB01_to_DK03,backward,backup,78,7792,7793,750.0,3850.0,800.0,3850.0,50.0,1,backward_backup_01
DB01_to_DK03,backward,backup,79,7793,7794,800.0,3850.0,850.0,3850.0,50.0,1,backward_backup_01
DB01_to_DK03,backward,backup,80,7794,7795,850.0,3850.0,900.0,3850.0,50.0,1,backward_backup_01
DB01_to_DK03,backward,backup,81,7795,7796,900.0,3850.0,950.0,3850.0,50.0,1,backward_backup_01
DB01_to_DK03,backward,backup,82,7796,7797,950.0,3850.0,1000.0,3850.0,50.0,1,backward_backup_01
DB01_to_DK03,backward,backup,83,7797,7798,1000.0,3850.0,1050.0,3850.0,50.0,1,backward_backup_01
