leg_id,lane,seq,x,y
BAK01__RBT01,A,0,2580.065013225809,902.5887308203331
BAK01__RBT01,A,1,2610.0594378234646,1452.1797919676699
BAK01__RBT01,A,2,2610.504129642182,1456.3305785421576
BAK01__RBT01,A,3,2611.3790001131847,1460.4124141169389
BAK01__RBT01,A,4,2612.6745203769565,1464.3808404104132
BAK01__RBT01,A,5,2614.3765799668577,1468.1926343651028
BAK01__RBT01,A,6,2616.466640496625,1471.8062789218475
BAK01__RBT01,A,7,2618.9219375756084,1475.1824152127158
BAK01__RBT01,A,8,2621.7157287525383,1478.284271247462
BAK01__RBT01,A,9,2770.621419460816,1627.1899619557396
BAK01__RBT01,A,10,2859.9847830455947,1731.5673323405038
BAK01__RBT01,B,0,2629.990715946478,899.863990860746
BAK01__RBT01,B,1,2659.776630199005,1445.6344945752742
BAK01__RBT01,B,2,2807.0710678118653,1592.9289321881345
BAK01__RBT01,B,3,2807.5962670556933,1593.496406622598
BAK01__RBT01,B,4,2928.972263837761,1735.2648770978935
BAK01__RBT06,A,0,2601.6826476218707,883.4009901947107
BAK01__RBT06,A,1,2237.639337989935,1275.5905131935087
BAK01__RBT06,B,0,2638.3285031828177,917.416887510616
BAK01__RBT06,B,1,2240.079542548747,1346.456690669634
BAK02__EXT03,A,0,839.9961686025666,990.1879594593835
BAK02__EXT03,A,1,19.37212003544872,-15.802561986341532
BAK02__EXT03,B,0,801.2519285316693,1021.7930834320665
BAK02__EXT03,B,1,-19.37212003544872,15.802561986341532
BAK02__EXT06,A,0,830.4328853231968,1004.0445714225757
BAK02__EXT06,A,1,759.8088367560789,648.0540499768507
BAK02__EXT06,A,2,759.5706241203576,647.1011805943057
BAK02__EXT06,A,3,759.240083164589,646.1762762767848
BAK02__EXT06,A,4,758.8204026349584,645.2882596254443
BAK02__EXT06,A,5,758.3156312118622,644.445697384162
BAK02__EXT06,A,6,757.7306384520728,643.6567177957043
BAK02__EXT06,A,7,757.0710678118654,642.9289321881346
BAK02__EXT06,A,8,660.0,545.8578643762692
BAK02__EXT06,A,9,660.0,500.0
BAK02__EXT06,A,10,659.951847266722,499.0198285967044
BAK02__EXT06,A,11,659.8078528040323,498.0490967798387
BAK02__EXT06,A,12,659.5694033573221,497.09715322745535
BAK02__EXT06,A,13,659.2387953251128,496.1731656763491
BAK02__EXT06,A,14,658.8192126434835,495.28603263174
BAK02__EXT06,A,15,658.3146961230254,494.444297669804
BAK02__EXT06,A,16,657.7301045336274,493.6560671583635
BAK02__EXT06,A,17,657.0710678118654,492.9289321881345
BAK02__EXT06,A,18,610.0,445.8578643762691
BAK02__EXT06,A,19,610.0,404.1421356237309
BAK02__EXT06,A,20,657.0710678118654,357.0710678118655
BAK02__EXT06,A,21,657.7301045336274,356.3439328416365
BAK02__EXT06,A,22,658.3146961230254,355.555702330196
BAK02__EXT06,A,23,658.8192126434835,354.71396736826
BAK02__EXT06,A,24,659.2387953251128,353.8268343236509
BAK02__EXT06,A,25,659.5694033573221,352.90284677254465
BAK02__EXT06,A,26,659.8078528040323,351.9509032201613
BAK02__EXT06,A,27,659.951847266722,350.9801714032956
BAK02__EXT06,A,28,660.0,350.0
BAK02__EXT06,A,29,660.0,254.1421356237309
BAK02__EXT06,A,30,806.0252404440743,108.11689517965667
BAK02__EXT06,A,31,1042.8136937233292,-18.707666729799904
BAK02__EXT06,B,0,781.3887015428022,1013.7743215383223
BAK02__EXT06,B,1,713.1279893415864,669.6965318365102
BAK02__EXT06,B,2,621.7157287525381,578.2842712474619
BAK02__EXT06,B,3,619.0795818654905,575.3757313665458
BAK02__EXT06,B,4,616.7412155078982,572.2228093207841
BAK02__EXT06,B,5,614.7231494260658,568.8558694730399
BAK02__EXT06,B,6,613.0448186995485,565.3073372946036
BAK02__EXT06,B,7,611.7223865707117,561.6113870901785
BAK02__EXT06,B,8,610.7685887838708,557.8036128806451
BAK02__EXT06,B,9,610.1926109331122,553.9206856131824
BAK02__EXT06,B,10,610.0,550.0
BAK02__EXT06,B,11,610.0,516.5685424949238
BAK02__EXT06,B,12,571.7157287525381,478.2842712474619
BAK02__EXT06,B,13,569.0795818654905,475.37573136654584
BAK02__EXT06,B,14,566.7412155078982,472.2228093207841
BAK02__EXT06,B,15,564.7231494260658,468.8558694730399
BAK02__EXT06,B,16,563.0448186995485,465.3073372946036
BAK02__EXT06,B,17,561.7223865707117,461.6113870901785
BAK02__EXT06,B,18,560.7685887838708,457.8036128806451
BAK02__EXT06,B,19,560.1926109331122,453.92068561318246
BAK02__EXT06,B,20,560.0,450.0
BAK02__EXT06,B,21,560.0,400.0
BAK02__EXT06,B,22,560.1926109331121,396.0793143868176
BAK02__EXT06,B,23,560.7685887838708,392.1963871193549
BAK02__EXT06,B,24,561.7223865707116,388.3886129098215
BAK02__EXT06,B,25,563.0448186995485,384.6926627053964
BAK02__EXT06,B,26,564.7231494260658,381.1441305269601
BAK02__EXT06,B,27,566.7412155078982,377.7771906792159
BAK02__EXT06,B,28,569.0795818654905,374.62426863345416
BAK02__EXT06,B,29,571.7157287525381,371.7157287525381
BAK02__EXT06,B,30,610.0,333.4314575050762
BAK02__EXT06,B,31,610.0,250.0
BAK02__EXT06,B,32,610.1926109331121,246.07931438681757
BAK02__EXT06,B,33,610.7685887838708,242.19638711935485
BAK02__EXT06,B,34,611.7223865707116,238.38861290982152
BAK02__EXT06,B,35,613.0448186995485,234.6926627053964
BAK02__EXT06,B,36,614.7231494260658,231.14413052696008
BAK02__EXT06,B,37,616.7412155078982,227.77719067921592
BAK02__EXT06,B,38,619.0795818654905,224.6242686334542
BAK02__EXT06,B,39,621.7157287525381,221.7157287525381
BAK02__EXT06,B,40,771.7157287525381,71.7157287525381
BAK02__EXT06,B,41,774.6155222051699,69.08676194437442
BAK02__EXT06,B,42,777.7583762932553,66.75379457911669
BAK02__EXT06,B,43,781.1141976613995,64.7391652108559
BAK02__EXT06,B,44,1019.2064408000787,-62.783710216230034
BAK02__RBT05,A,0,801.5776539135691,989.796854452074
BAK02__RBT05,A,1,616.6358798438148,1207.3185571177557
BAK02__RBT05,B,0,839.6704432206668,1022.184188439376
BAK02__RBT05,B,1,622.0357358411632,1278.158115079021
DB01__MIN017,A,0,1389.7417620931953,1487.8217054288282
DB01__MIN017,A,1,1819.3031081395989,965.8867874710702
DB01__MIN017,B,0,1351.1355458139976,1456.0481304866878
DB01__MIN017,B,1,1780.6968918604011,934.1132125289298
DB01__RBT05,A,0,1364.4315688008894,1463.9402367278321
DB01__RBT05,A,1,1196.6617440587293,1590.0
DB01__RBT05,A,2,904.142135623731,1590.0
DB01__RBT05,A,3,757.0710678118654,1442.9289321881345
DB01__RBT05,A,4,756.3439328416364,1442.2698954663726
DB01__RBT05,A,5,755.555702330196,1441.6853038769746
DB01__RBT05,A,6,754.7139673682599,1441.1807873565165
DB01__RBT05,A,7,753.8268343236508,1440.761204674887
DB01__RBT05,A,8,752.9028467725446,1440.430596642678
DB01__RBT05,A,9,751.9509032201613,1440.1921471959677
DB01__RBT05,A,10,750.9801714032956,1440.0481527332781
DB01__RBT05,A,11,750.0,1440.0
DB01__RBT05,A,12,702.5587312847356,1440.0
DB01__RBT05,B,0,1394.4669945644246,1503.913642877461
DB01__RBT05,B,1,1224.0283406108279,1631.978724919703
DB01__RBT05,B,2,1220.9869473750582,1634.0521370823703
DB01__RBT05,B,3,1217.7678325920592,1635.8371891333647
DB01__RBT05,B,4,1214.3982563511483,1637.3187649051602
DB01__RBT05,B,5,1210.9067528784967,1638.4843181263147
DB01__RBT05,B,6,1207.322888903759,1639.3239786657352
DB01__RBT05,B,7,1203.6770132832632,1639.8306361148639
DB01__RBT05,B,8,1200.0,1640.0
DB01__RBT05,B,9,900.0,1640.0
DB01__RBT05,B,10,896.0793143868176,1639.807389066888
DB01__RBT05,B,11,892.1963871193549,1639.2314112161291
DB01__RBT05,B,12,888.3886129098215,1638.2776134292883
DB01__RBT05,B,13,884.6926627053964,1636.9551813004514
DB01__RBT05,B,14,881.1441305269601,1635.276850573934
DB01__RBT05,B,15,877.7771906792159,1633.2587844921018
DB01__RBT05,B,16,874.6242686334542,1630.9204181345094
DB01__RBT05,B,17,871.7157287525381,1628.284271247462
DB01__RBT05,B,18,733.4314575050762,1490.0
DB01__RBT05,B,19,700.0,1490.0
DB01__RBT05,B,20,695.6479248757202,1489.7625381749283
DB01__RBT05,B,21,691.3475223365333,1489.0529721056312
DB01__RBT05,B,22,687.1498514542145,1487.8797265348003
DB01__RBT05,B,23,634.4802216095369,1470.012317520275
DB01__RBT06,A,0,1369.9688189785911,1496.9305026697878
DB01__RBT06,A,1,1813.9284008332365,1505.2754860517405
DB01__RBT06,B,0,1370.9084889286019,1446.9393332457282
DB01__RBT06,B,1,1865.13811007186,1456.2292284160947
DB01__RBT08,A,0,1345.6786546631354,1468.4791351034157
DB01__RBT08,A,1,1326.383419655043,1606.7256700410296
DB01__RBT08,B,0,1395.1986532440576,1475.3907008121002
DB01__RBT08,B,1,1368.9374784461954,1663.5468138458536
DB02__EXT04,A,0,4191.281513014189,1338.0789601083206
DB02__EXT04,A,1,4516.803583203099,1822.315866818173
DB02__EXT04,A,2,4519.115145888964,1825.4190044364457
DB02__EXT04,A,3,4521.715728752538,1828.284271247462
DB02__EXT04,A,4,4721.715728752538,2028.284271247462
DB02__EXT04,A,5,4724.99891225198,2031.2241190654888
DB02__EXT04,A,6,4973.343187812603,2230.07286839248
DB02__EXT04,B,0,4232.777034010315,1310.1841265856044
DB02__EXT04,B,1,4557.757510885139,1793.6153752614077
DB02__EXT04,B,2,4756.680944452098,1992.5388088283667
DB02__EXT04,B,3,5004.594547497628,2191.042719560619
DB02__MIN016,A,0,4249.304678205762,1318.7012158450564
DB02__MIN016,A,1,4339.752306247822,554.4306783402236
DB02__MIN016,B,0,4199.651181416418,1312.824970735239
DB02__MIN016,B,1,4290.098809458478,548.5544332304063
DB02__RBT07,A,0,4207.537715135799,1297.377524853054
DB02__RBT07,A,1,4132.760043147244,1366.276662823076
DB02__RBT07,B,0,4241.418144486381,1334.1486617272415
DB02__RBT07,B,1,4129.661864231451,1437.1193903891262
DK01__DK06,A,0,2078.2939214468884,3537.596526541079
DK01__DK06,A,1,1680.6240467476068,4233.5188072648225
DK01__DK06,A,2,1607.0234491715275,4293.0681129945415
DK01__DK06,B,0,2121.7060785531116,3562.403473458921
DK01__DK06,B,1,1721.7060785531114,4262.40347345892
DK01__DK06,B,2,1720.462597884172,4264.362523727767
DK01__DK06,B,3,1719.0428402134673,4266.197846665664
DK01__DK06,B,4,1717.4590361789076,4267.893631708057
DK01__DK06,B,5,1715.7248296114556,4269.435270352909
DK01__DK06,B,6,1638.4731083944387,4331.93865370036
DK01__MAJ009,A,0,2108.6169088188562,3526.531960405532
DK01__MAJ009,A,1,1428.6203515108316,3276.85331520499
DK01__MAJ009,B,0,2091.3830911811438,3573.468039594468
DK01__MAJ009,B,1,1411.386533873119,3323.7893943939257
DK01__MIN012,A,0,2075.403252247502,3545.5278640450006
DK01__MIN012,A,1,1975.4032522475022,4095.5278640450006
DK01__MIN012,B,0,2124.596747752498,3554.4721359549994
DK01__MIN012,B,1,2024.5967477524978,4104.472135954999
DK01__RBT03,A,0,2124.9890753680975,3550.7389940781486
DK01__RBT03,A,1,2158.455090723387,2419.0861098245573
DK01__RBT03,B,0,2075.0109246319025,3549.2610059218514
DK01__RBT03,B,1,2109.960420894934,2367.4442336117017
DK01__RBT04,A,0,2114.4307951178794,3570.414508376784
DK01__RBT04,A,1,2846.5531355086905,3052.8851463953315
DK01__RBT04,B,0,2085.5692048821206,3529.585491623216
DK01__RBT04,B,1,2858.679639705055,2983.0820891160115
DK01__RBT10,A,0,2118.0065407584866,3532.6574370431313
DK01__RBT10,A,1,1717.1840135557886,3116.489008481285
DK01__RBT10,B,0,2081.9934592415134,3567.3425629568687
DK01__RBT10,B,1,1646.111749598317,3114.7726752136955
DK01__RBT11,A,0,2101.878550353598,3574.9293210611318
DK01__RBT11,A,1,2774.914397023034,3524.2126679824387
DK01__RBT11,B,0,2098.121449646402,3525.0706789388682
DK01__RBT11,B,1,2821.2684047842868,3470.577900537639
DK01__RBT12,A,0,2088.53828547475,3572.217765417379
DK01__RBT12,A,1,2821.4123765201357,3950.293303470537
DK01__RBT12,B,0,2111.46171452525,3527.782234582621
DK01__RBT12,B,1,2889.0622147196123,3928.931260170404
DK02__DK05,A,0,257.0451963169994,4034.327854089209
DK02__DK05,A,1,654.8761709781041,4531.202770405473
DK02__DK05,B,0,296.075948624925,4003.077248106646
DK02__DK05,B,1,693.9069232860298,4499.95216442291
DK02__MAJ011,A,0,276.5605724709622,4018.7025510979274
DK02__MAJ011,A,1,450.0,3800.0
DK02__MAJ011,A,2,450.0,3600.0
DK02__MAJ011,A,3,500.0,3550.0
DK02__MAJ011,A,4,550.0,3500.0
DK02__MAJ011,A,5,600.0,3450.0
DK02__MAJ011,A,6,650.0,3400.0
DK02__MAJ011,A,7,671.1981010430276,3291.6774914296802
DK02__MAJ011,B,0,300.0,4000.0
DK02__MAJ011,B,1,300.0,3950.0
DK02__MAJ011,B,2,350.0,3900.0
DK02__MAJ011,B,3,350.0,3850.0
DK02__MAJ011,B,4,400.0,3800.0
DK02__MAJ011,B,5,400.0,3750.0
DK02__MAJ011,B,6,400.0,3700.0
DK02__MAJ011,B,7,400.0,3650.0
DK02__MAJ011,B,8,400.0,3600.0
DK02__MAJ011,B,9,400.0,3550.0
DK02__MAJ011,B,10,450.0,3500.0
DK02__MAJ011,B,11,500.0,3500.0
DK02__MAJ011,B,12,550.0,3450.0
DK02__MAJ011,B,13,600.0,3400.0
DK02__MAJ011,B,14,600.0,3350.0
DK02__MAJ011,B,15,650.0,3300.0
DK02__MAJ011,B,16,700.0,3300.0
DK02__MIN010,A,0,253.66776418540636,4028.748412375129
DK02__MIN010,A,1,377.1071917144442,4310.045861277202
DK02__MIN010,B,0,299.4533807565181,4008.6566898207257
DK02__MIN010,B,1,422.8928082855558,4289.954138722798
DK03__EXT07,A,0,3087.655011689058,4571.739394278652
DK03__EXT07,A,1,3915.3822468893723,5041.774709532601
DK03__EXT07,B,0,3112.344988310942,4528.260605721348
DK03__EXT07,B,1,3940.072223511256,4998.295920975297
DK03__MIN012,A,0,3109.465821143013,4526.861326094858
DK03__MIN012,A,1,2009.4658211430126,4076.861326094858
DK03__MIN012,B,0,3090.534178856987,4573.138673905142
DK03__MIN012,B,1,1990.5341788569874,4123.138673905142
DK03__RBT12,A,0,3124.882310295021,4547.577060796821
DK03__RBT12,A,1,3098.965616887468,4281.426260833916
DK03__RBT12,B,0,3075.117689704979,4552.422939203179
DK03__RBT12,B,1,3044.3233964079373,4236.181755715189
DK04__BAK02,A,0,306.66495584007373,1174.0951937873483
DK04__BAK02,A,1,827.2890044071917,1030.0857152330732
DK04__BAK02,B,0,293.33504415992627,1125.9048062126517
DK04__BAK02,B,1,813.9590927270442,981.8953276583767
DK04__EXT03,A,0,324.1904318099211,1143.6894525713249
DK04__EXT03,A,1,24.190431809921094,-6.3105474286750685
DK04__EXT03,B,0,275.8095681900789,1156.3105474286751
DK04__EXT03,B,1,-24.190431809921094,6.3105474286750685
DK04__RBT05,A,0,281.07719584799065,1166.337915504271
DK04__RBT05,A,1,345.4374909757924,1240.8809169998133
DK04__RBT05,B,0,318.92280415200935,1133.662084495729
DK04__RBT05,B,1,416.2672518013412,1246.4077966199163
DK05__DK03,A,0,674.0368003999529,4540.574950382604
DK05__DK03,A,1,3099.645253267886,4574.997482968412
DK05__DK03,B,0,674.7462938641811,4490.579984445779
DK05__DK03,B,1,3100.354746732114,4525.002517031588
DK05__MAJ004,A,0,688.1927287549785,4536.422787891733
DK05__MAJ004,A,1,1013.8011816229115,4320.8453204775415
DK05__MAJ004,A,2,1015.8189133825111,4319.358770089978
DK05__MAJ004,A,3,1017.6776695296637,4317.677669529664
DK05__MAJ004,A,4,1067.6776695296637,4267.677669529664
DK05__MAJ004,B,0,660.5903655091555,4494.73214693665
DK05__MAJ004,B,1,984.1011973791212,4280.543463561551
DK05__MAJ004,B,2,1032.3223304703363,4232.322330470336
DK05__MIN010,A,0,689.8363819908787,4495.918955868705
DK05__MIN010,A,1,415.4448348588118,4280.341488454514
DK05__MIN010,B,0,658.9467122732552,4535.235978959678
DK05__MIN010,B,1,384.5551651411882,4319.658511545486
DK06__DK03,A,0,1618.7800044417193,4337.186430135732
DK06__DK03,A,1,3096.0317256587364,4574.683046788281
DK06__DK03,B,0,1626.716553124247,4287.82033655917
DK06__DK03,B,1,3103.9682743412636,4525.316953211719
DK06__DK05,A,0,1617.5136305113024,4288.0575563524035
DK06__DK05,A,1,669.1568988603863,4491.131640419144
DK06__DK05,B,0,1627.9829270546638,4336.949210342498
DK06__DK05,B,1,679.6261954037477,4540.023294409239
DK06__MAJ004,A,0,1625.4603993286532,4287.650930709014
DK06__MAJ004,A,1,1052.7121205456701,4225.147547361563
DK06__MAJ004,B,0,1620.036158237313,4337.355835985888
DK06__MAJ004,B,1,1047.2878794543299,4274.852452638437
DK06__MAJ009,A,0,1632.2092400332062,4309.26452363734
DK06__MAJ009,A,1,1559.4609612502231,4096.761140289889
DK06__MAJ009,A,2,1559.1270245357666,4095.91375195032
DK06__MAJ009,A,3,1558.7173717847859,4095.100262337041
DK06__MAJ009,A,4,1558.2354013975512,4094.327420003102
DK06__MAJ009,A,5,1557.6851117075068,4093.6016362995574
DK06__MAJ009,A,6,1557.0710678118655,4092.9289321881347
DK06__MAJ009,A,7,1459.8240617232098,3995.681926099479
DK06__MAJ009,A,8,1429.994265339279,3299.893029187193
DK06__MAJ009,B,0,1584.9044337820908,4325.458822187893
DK06__MAJ009,B,1,1515.159291365471,4121.727833860395
DK06__MAJ009,B,2,1421.715728752538,4028.2842712474617
DK06__MAJ009,B,3,1419.2159296928235,4025.5409673920703
DK06__MAJ009,B,4,1416.981156685386,4022.5777763777783
DK06__MAJ009,B,5,1415.0306493259639,4019.4202088927045
DK06__MAJ009,B,6,1413.3811999120098,4016.0954490498343
DK06__MAJ009,B,7,1412.0470088745346,4012.632120353699
DK06__MAJ009,B,8,1411.0395625238311,4009.060039275055
DK06__MAJ009,B,9,1410.3675341615958,4005.4099585550834
DK06__MAJ009,B,10,1410.0367094107849,4001.7133024490595
DK06__MAJ009,B,11,1380.0401521027602,3302.0346572485173
DK06__MIN012,A,0,1635.017934656993,4334.28538382338
DK06__MIN012,A,1,2012.26965587401,4121.782000475929
DK06__MIN012,B,0,1610.4786229089732,4290.721382871522
DK06__MIN012,B,1,1987.73034412599,4078.217999524071
EXT01__EXT05,A,0,5057.346718999524,4959.86944913869
EXT01__EXT05,A,1,4532.525380285859,4226.716966751296
EXT01__EXT05,A,2,4530.50748310302,4224.129293115206
EXT01__EXT05,A,3,4528.284271247462,4221.715728752538
EXT01__EXT05,A,4,4428.284271247462,4121.715728752538
EXT01__EXT05,A,5,4425.60666012746,4119.270552280967
EXT01__EXT05,A,6,4422.718618447229,4117.077904443228
EXT01__EXT05,A,7,4419.643879572455,4115.15580399345
EXT01__EXT05,A,8,4416.407711110109,4113.520046379865
EXT01__EXT05,A,9,4413.036707264165,4112.184073940884
EXT01__EXT05,A,10,4207.131005973081,4041.1998979204923
EXT01__EXT05,B,0,5016.6899936422,4988.973240699569
EXT01__EXT05,B,1,4492.347378238379,4256.4895138621105
EXT01__EXT05,B,2,4394.56004016186,4158.702175785592
EXT01__EXT05,B,3,4190.835121892876,4088.469805494386
EXT01__EXT07,A,0,5023.981346782986,4958.166598101333
EXT01__EXT07,A,1,3926.887243269636,4995.049430967889
EXT01__EXT07,B,0,5025.661330644343,5008.138366673454
EXT01__EXT07,B,1,3928.5672271309923,5045.02119954001
EXT02__EXT04,A,0,5011.340126485161,3296.1803630531867
EXT02__EXT04,A,1,5023.342779441206,2199.12225203709
EXT02__EXT04,B,0,4961.343118723994,3295.633357632989
EXT02__EXT04,B,1,4973.345771680039,2198.5752466168924
EXT02__EXT05,A,0,4977.417311167299,3256.915109095286
EXT02__EXT05,A,1,4741.075688562722,3311.008248752198
EXT02__EXT05,A,2,4737.478070110525,3312.010511034721
EXT02__EXT05,A,3,4733.989606794149,3313.343932161318
EXT02__EXT05,A,4,4730.640707958677,3314.9968885431767
EXT02__EXT05,A,5,4727.460566349194,3316.9549711650766
EXT02__EXT05,A,6,4724.476903634194,3319.20111119047
EXT02__EXT05,A,7,4721.715728752538,3321.7157287525383
EXT02__EXT05,A,8,4521.715728752538,3521.7157287525383
EXT02__EXT05,A,9,4519.1198045368765,3524.5753362232795
EXT02__EXT05,A,10,4516.811764367651,3527.6719679413595
EXT02__EXT05,A,11,4160.906063076568,4056.687791920967
EXT02__EXT05,B,0,4988.572700463897,3305.6547981550384
EXT02__EXT05,B,1,4755.036233058333,3359.105902565398
EXT02__EXT05,B,2,4557.756202896564,3556.3859327271666
EXT02__EXT05,B,3,4202.391357617003,4084.5978319942674
EXT03__EXT06,A,0,0.6625906150763188,24.991217931041554
EXT03__EXT06,A,1,1038.7548337537555,-2.531657496044378
EXT03__EXT06,B,0,-0.6625906150763188,-24.991217931041554
EXT03__EXT06,B,1,1037.4296525236027,-52.51409335812748
EXT03__RBT02,A,0,-24.550161174516184,4.7211848412531126
EXT03__RBT02,A,1,293.61367515556987,1659.1731337577003
EXT03__RBT02,B,0,24.550161174516184,-4.7211848412531126
EXT03__RBT02,B,1,352.19538279193523,1699.033967569326
EXT04__EXT05,A,0,4975.358856776457,2189.016632397432
EXT04__EXT05,A,1,4171.108879924751,4069.1837070500483
EXT04__EXT05,B,0,5021.329694344789,2208.6808662565504
EXT04__EXT05,B,1,4217.079717493082,4088.8479409091665
EXT04__RBT07,A,0,5018.908072173834,2164.539417231328
EXT04__RBT07,A,1,4774.795608076607,2018.2270655816833
EXT04__RBT07,A,2,4578.284271247462,1821.715728752538
EXT04__RBT07,A,3,4574.979178794155,1818.758351087536
EXT04__RBT07,A,4,4571.367002951974,1816.1850449527092
EXT04__RBT07,A,5,4567.492150272794,1814.0274454780592
EXT04__RBT07,A,6,4208.363590324413,1639.396235063531
EXT04__RBT07,B,0,4993.20332640732,2207.426082350907
EXT04__RBT07,B,1,4744.859050846697,2058.577333023916
EXT04__RBT07,B,2,4744.175272492668,2058.1285022891875
EXT04__RBT07,B,3,4743.530461674345,2057.6252917224774
EXT04__RBT07,B,4,4742.928932188134,2057.0710678118653
EXT04__RBT07,B,5,4544.116538614875,1858.2586742386059
EXT04__RBT07,B,6,4144.076214758269,1663.7335549338643
EXT05__EXT07,A,0,4180.3554643581665,4041.449290593059
EXT05__EXT07,A,1,3986.2611656492504,4112.433466613452
EXT05__EXT07,A,2,3982.266914294109,4114.14560457423
EXT05__EXT07,A,3,3978.4819738676083,4116.2809467605375
EXT05__EXT07,A,4,3974.951019583564,4118.814288847342
EXT05__EXT07,A,5,3971.7157287525383,4121.715728752538
EXT05__EXT07,A,6,3821.7157287525383,4271.715728752538
EXT05__EXT07,A,7,3819.0795818654906,4274.6242686334535
EXT05__EXT07,A,8,3816.7412155078982,4277.777190679216
EXT05__EXT07,A,9,3814.723149426066,4281.14413052696
EXT05__EXT07,A,10,3813.0448186995486,4284.692662705396
EXT05__EXT07,A,11,3811.7223865707115,4288.388612909821
EXT05__EXT07,A,12,3810.7685887838707,4292.196387119355
EXT05__EXT07,A,13,3810.192610933112,4296.079314386818
EXT05__EXT07,A,14,3810.0,4300.0
EXT05__EXT07,A,15,3810.0,4900.0
EXT05__EXT07,A,16,3810.1833113283637,4903.825088655966
EXT05__EXT07,A,17,3810.7315651613,4907.6151182078
EXT05__EXT07,A,18,3811.639736441889,4911.335350887919
EXT05__EXT07,A,19,3812.899501265939,4914.951688656601
EXT05__EXT07,A,20,3814.499313175284,4918.430985729836
EXT05__EXT07,A,21,3816.424508987612,4921.741352379212
EXT05__EXT07,A,22,3894.1517441879264,5041.776667633161
EXT05__EXT07,B,0,4197.529007296604,4088.4074573262446
EXT05__EXT07,B,1,4005.509176940198,4158.632958683533
EXT05__EXT07,B,2,3860.0,4304.1421356237315
EXT05__EXT07,B,3,3860.0,4897.045027891754
EXT05__EXT07,B,4,3936.121107953411,5014.599977159146
EXT05__RBT04,A,0,4212.623506944636,4062.2328432503873
EXT05__RBT04,A,1,3310.6087257959816,3066.3656620111965
EXT05__RBT04,B,0,4175.565090473197,4095.7988047088274
EXT05__RBT04,B,1,3239.853568443727,3062.728820301386
EXT05__RBT11,A,0,4205.68492892969,4056.865038641717
EXT05__RBT11,A,1,3301.5528793289413,3583.768482568529
EXT05__RBT11,B,0,4182.503668488143,4101.166609317497
EXT05__RBT11,B,1,3233.8457208893556,3604.77141118396
EXT05__RBT12,A,0,4198.405805834019,4049.3272587345473
EXT05__RBT12,A,1,3654.311507125102,3970.31143475494
EXT05__RBT12,A,2,3650.0,3970.0
EXT05__RBT12,A,3,3286.113699628626,3970.0
EXT05__RBT12,B,0,4191.219960625515,4098.808200809647
EXT05__RBT12,B,1,3648.555332296093,4020.0
EXT05__RBT12,B,2,3245.313549544651,4020.0
EXT07__RBT12,A,0,3946.351328696685,5003.3576912793405
EXT07__RBT12,A,1,3232.2472949308867,4205.909546913108
EXT07__RBT12,B,0,3909.1031417039435,5036.712939228558
EXT07__RBT12,B,1,3161.425514036678,4201.772778446673
MAJ009__RBT10,A,0,1442.693514385772,3310.8170990098683
MAJ009__RBT10,A,1,1502.6462166409203,3181.2092231760757
MAJ009__RBT10,B,0,1397.3133709981787,3289.8256105890473
MAJ009__RBT10,B,1,1478.4839412257109,3114.348196032563
MAJ011__RBT09,A,0,695.464726499308,3297.6883889470732
MAJ011__RBT09,A,1,787.8272474866155,2924.8111777633244
MAJ011__RBT09,B,0,646.9314755867472,3285.666593912287
MAJ011__RBT09,B,1,751.3858196442999,2863.9734212718354
MIN012__RBT12,A,0,2001.4192396758312,4124.959682665101
MIN012__RBT12,A,1,2807.452551668727,4079.1275912971514
MIN012__RBT12,B,0,1998.5807603241688,4075.040317334899
MIN012__RBT12,B,1,2854.860213552974,4026.3511657167755
MIN013__MAJ011,A,0,625.0657630323958,3001.812133230025
MIN013__MAJ011,A,1,646.2638640754234,3293.4896246597054
MIN013__MAJ011,B,0,674.9342369676042,2998.187866769975
MIN013__MAJ011,B,1,696.1323380106318,3289.865358199655
MIN013__RBT09,A,0,672.0923519687606,3011.701623156144
MIN013__RBT09,A,1,726.9758919294284,2908.0829656482756
MIN013__RBT09,B,0,627.9076480312394,2988.298376843856
MIN013__RBT09,B,1,706.3307603152333,2840.2376355308907
MIN014__EXT08,A,0,3649.788196205724,175.10410912740332
MIN014__EXT08,A,1,2530.856795756213,-42.64325723650431
MIN014__EXT08,B,0,3640.237216795969,224.1834203727176
MIN014__EXT08,B,1,2521.305816346458,6.436054008809986
MIN014__MIN016,A,0,3633.388115510824,221.77674657164698
MIN014__MIN016,A,1,4303.3009668631275,573.6255376069015
MIN014__MIN016,B,0,3656.637297490869,177.51078292847393
MIN014__MIN016,B,1,4326.550148843173,529.3595739637284
MIN014__RBT07,A,0,3620.064181852998,198.04029417168834
MIN014__RBT07,A,1,3575.0514753521516,898.3965294216279
MIN014__RBT07,A,2,3575.0,900.0
MIN014__RBT07,A,3,3575.0,1250.0
MIN014__RBT07,A,4,3575.1122992695787,1252.3669288863389
MIN014__RBT07,A,5,3575.448188188239,1254.7125934218716
MIN014__RBT07,A,6,3576.0046491495627,1257.0159202934763
MIN014__RBT07,A,7,3576.776682940789,1259.2562165471306
MIN014__RBT07,A,8,3577.7573536554514,1261.4133554922007
MIN014__RBT07,A,9,3578.937851005153,1263.4679575184534
MIN014__RBT07,A,10,3580.3075694706845,1265.401564201343
MIN014__RBT07,A,11,3581.8542035813903,1267.1968041314183
MIN014__RBT07,A,12,3583.563858466794,1268.8375489780499
MIN014__RBT07,A,13,3743.9434028594846,1408.771937137619
MIN014__RBT07,B,0,3669.961231148695,201.24723532843257
MIN014__RBT07,B,1,3625.0,900.8025615319376
MIN014__RBT07,B,2,3625.0,1238.6345903111212
MIN014__RBT07,B,3,3814.703355634959,1404.1545953910518
MIN015__BAK01,A,0,1957.6397302964049,759.6186321377953
MIN015__BAK01,A,1,2185.58863357559,920.4282284543077
MIN015__BAK01,A,2,2187.748723970733,921.7923435099283
MIN015__BAK01,A,3,2190.036752979141,922.9288837234031
MIN015__BAK01,A,4,2192.4288269869767,923.8259803409402
MIN015__BAK01,A,5,2194.8999658508947,924.4742650896397
MIN015__BAK01,A,6,2197.4243637626923,924.8669680092501
MIN015__BAK01,A,7,2199.9756587362895,924.9999881500548
MIN015__BAK01,A,8,2619.9812341386337,925.4089270027182
MIN015__BAK01,B,0,1986.462463145225,718.7621752291799
MIN015__BAK01,B,1,2207.941787410991,875.0077206793825
MIN015__BAK01,B,2,2620.0299166660548,875.4089507026085
MIN015__EXT08,A,0,1980.7760960261717,744.0765460393266
MIN015__EXT08,A,1,2058.0491439335224,606.0929916902084
MIN015__EXT08,A,2,2207.0710678118653,457.0710678118655
MIN015__EXT08,A,3,2207.668230398949,456.4185857124937
MIN015__EXT08,A,4,2208.205401655577,455.71588870348734
MIN015__EXT08,A,5,2534.2867077069127,-12.38771291035981
MIN015__EXT08,B,0,1937.1510994993878,719.6458342601318
MIN015__EXT08,B,1,2015.1000027785728,580.4554305766442
MIN015__EXT08,B,2,2017.0348311733883,577.3439269900322
MIN015__EXT08,B,3,2019.2462582569694,574.4225222353144
MIN015__EXT08,B,4,2021.715728752538,571.7157287525381
MIN015__EXT08,B,5,2169.206624566393,424.22483293868316
MIN015__EXT08,B,6,2493.2596994290275,-40.967156427796596
MIN015__MIN017,A,0,1952.6828398992338,723.3831070236133
MIN015__MIN017,A,1,1780.6317431784187,934.1927033401257
MIN015__MIN017,B,0,1991.419353542396,754.9977003433619
MIN015__MIN017,B,1,1819.3682568215813,965.8072966598743
MIN015__RBT06,A,0,1947.2956169165107,742.6784145290383
MIN015__RBT06,A,1,2015.742091684552,1228.463980808891
MIN015__RBT06,B,0,1996.8065765251192,735.7023928379369
MIN015__RBT06,B,1,2072.2679879015664,1271.2751097969212
MIN016__RBT07,A,0,4305.009306069531,550.2010641810562
MIN016__RBT07,A,1,4240.523150919458,1045.3347134568105
MIN016__RBT07,A,2,4192.928932188134,1092.9289321881345
MIN016__RBT07,A,3,4192.269895466373,1093.6560671583636
MIN016__RBT07,A,4,4191.685303876974,1094.444297669804
MIN016__RBT07,A,5,4191.180787356517,1095.2860326317402
MIN016__RBT07,A,6,4190.761204674887,1096.173165676349
MIN016__RBT07,A,7,4190.430596642678,1097.0971532274555
MIN016__RBT07,A,8,4190.192147195968,1098.0490967798387
MIN016__RBT07,A,9,4190.048152733278,1099.0198285967044
MIN016__RBT07,A,10,4190.0,1100.0
MIN016__RBT07,A,11,4190.0,1145.8578643762687
MIN016__RBT07,A,12,4092.9289321881347,1242.9289321881345
MIN016__RBT07,A,13,4092.327600619574,1243.586398223522
MIN016__RBT07,A,14,4091.7871772561057,1244.2947793576961
MIN016__RBT07,A,15,4091.31195230936,1245.048452027379
MIN016__RBT07,A,16,4090.905698406007,1245.841433117347
MIN016__RBT07,A,17,4057.4632215150255,1318.9762363990692
MIN016__RBT07,B,0,4354.590564987627,556.65852220235
MIN016__RBT07,B,1,4289.665007134477,1055.1659664170352
MIN016__RBT07,B,2,4289.007684317228,1058.8544093087824
MIN016__RBT07,B,3,4288.008149907385,1062.4651731082151
MIN016__RBT07,B,4,4286.675172748014,1065.9665808457332
MIN016__RBT07,B,5,4285.020446951304,1069.3279149245566
MIN016__RBT07,B,6,4283.058489306963,1072.5196866039794
MIN016__RBT07,B,7,4280.80651192747,1075.5138947019593
MIN016__RBT07,B,8,4278.284271247462,1078.284271247462
MIN016__RBT07,B,9,4240.0,1116.568542494924
MIN016__RBT07,B,10,4240.0,1150.0
MIN016__RBT07,B,11,4239.8073890668875,1153.9206856131825
MIN016__RBT07,B,12,4239.231411216129,1157.803612880645
MIN016__RBT07,B,13,4238.277613429288,1161.6113870901784
MIN016__RBT07,B,14,4236.955181300452,1165.3073372946035
MIN016__RBT07,B,15,4235.276850573934,1168.8558694730398
MIN016__RBT07,B,16,4233.258784492102,1172.2228093207839
MIN016__RBT07,B,17,4230.920418134509,1175.3757313665458
MIN016__RBT07,B,18,4228.284271247462,1178.284271247462
MIN016__RBT07,B,19,4133.380224468331,1273.1883180265925
MIN016__RBT07,B,20,4080.6426728593906,1388.5192032075179
MIN017__RBT06,A,0,1777.800113133993,961.4963047600734
MIN017__RBT06,A,1,1934.1101353785925,1263.3380602000195
MIN017__RBT06,B,0,1822.199886866007,938.5036952399266
MIN017__RBT06,B,1,2001.6307802012761,1284.9929033325736
RBT01__RBT03,A,0,2777.974170813809,1973.4960820943202
RBT01__RBT03,A,1,2450.5172715751523,2026.9983184517541
RBT01__RBT03,B,0,2835.5617700215093,2014.749998856671
RBT01__RBT03,B,1,2409.050646178013,2084.4364186878147
RBT01__RBT04,A,0,3067.5306448446468,2265.3807332033603
RBT01__RBT04,A,1,3063.7457807374994,2544.5875539357144
RBT01__RBT04,B,0,3118.206242633467,2215.881227958485
RBT01__RBT04,B,1,3113.0608204921755,2595.4554786384106
RBT01__RBT06,A,0,2816.5210588079617,1792.4082622718256
RBT01__RBT06,A,1,2326.9058270515234,1570.8096000990538
RBT01__RBT06,B,0,2841.6218286771955,1858.6515153827165
RBT01__RBT06,B,1,2260.4834482608176,1595.6296988931867
RBT01__RBT07,A,0,3398.2809603291807,1839.2983464066062
RBT01__RBT07,A,1,3728.9187037245265,1691.4191930690854
RBT01__RBT07,B,0,3332.0581480611227,1814.1436974118137
RBT01__RBT07,B,1,3754.405122594681,1625.247195859035
RBT02__RBT05,A,0,464.44173130971603,1661.5486580022196
RBT02__RBT05,A,1,479.97799307928034,1591.3469328261644
RBT02__RBT05,B,0,404.774285599925,1699.7651264970966
RBT02__RBT05,B,1,442.06518666523766,1531.2634864640352
RBT02__RBT09,A,0,513.6919284123447,2218.26954540772
RBT02__RBT09,A,1,667.426735333141,2463.4688379584068
RBT02__RBT09,B,0,529.3841703463874,2149.17210634639
RBT02__RBT09,B,1,736.5038505900072,2479.517589495334
RBT03__RBT04,A,0,2444.1398143253155,2200.589778723407
RBT03__RBT04,A,1,2644.7442036139805,2258.886339237711
RBT03__RBT04,A,2,2842.0065854602926,2456.1487210840232
RBT03__RBT04,A,3,2920.275303481427,2590.970508206804
RBT03__RBT04,B,0,2407.335677386336,2137.8258373151803
RBT03__RBT04,B,1,2661.162398361716,2211.589052825863
RBT03__RBT04,B,2,2664.9604961555715,2212.9030519479147
RBT03__RBT04,B,3,2668.6075664266027,2214.5915480191584
RBT03__RBT04,B,4,2672.066791680063,2216.637495523437
RBT03__RBT04,B,5,2675.3032507331604,2219.020240440978
RBT03__RBT04,B,6,2678.2842712474617,2221.7157287525383
RBT03__RBT04,B,7,2878.2842712474617,2421.7157287525383
RBT03__RBT04,B,8,2880.62132750893,2424.2641436592667
RBT03__RBT04,B,9,2882.7295611063187,2427.0048737818697
RBT03__RBT04,B,10,2884.593217933994,2429.9174385854
RBT03__RBT04,B,11,2990.0922753301043,2611.6448491975398
RBT03__RBT06,A,0,2134.268578130786,1785.854664257449
RBT03__RBT06,A,1,2129.8099379105706,1743.9168729107848
RBT03__RBT06,B,0,2089.854413429734,1841.0452282558565
RBT03__RBT06,B,1,2074.7746638315434,1699.2057074662014
RBT03__RBT08,A,0,1850.3177992670358,1980.7183863902792
RBT03__RBT08,A,1,1542.2246108745162,1880.0309344753646
RBT03__RBT08,B,0,1882.488779969311,2043.8345046264976
RBT03__RBT08,B,1,1478.7923199266625,1911.9030973764945
RBT03__RBT10,A,0,1949.2821032991124,2353.512629570155
RBT03__RBT10,A,1,1649.2305697259437,2813.485407465008
RBT03__RBT10,B,0,2018.5790842913948,2338.7971681125664
RBT03__RBT10,B,1,1663.4957934838906,2883.132488488276
RBT04__RBT07,A,0,3278.3056933352814,2611.857342522317
RBT04__RBT07,A,1,3831.758635405361,1792.5125307982755
RBT04__RBT07,B,0,3208.776114568049,2625.4645680299527
RBT04__RBT07,B,1,3818.4707527688106,1722.8582205466532
RBT04__RBT11,A,0,3040.925457688844,3161.087085316655
RBT04__RBT11,A,1,3038.379608267266,3203.1554815599284
RBT04__RBT11,B,0,3093.8662387239033,3114.004258161073
RBT04__RBT11,B,1,3085.2526877622918,3256.3372146366264
RBT05__RBT08,A,0,667.9721081427275,1509.2271600899137
RBT05__RBT08,A,1,1103.792978741787,1764.1824621306255
RBT05__RBT08,B,0,649.6544875824916,1440.5841255273972
RBT05__RBT08,B,1,1167.5526956692634,1743.5546874640227
RBT06__RBT08,A,0,1827.9684937474585,1572.3791506448515
RBT06__RBT08,A,1,1514.5049510370231,1716.6349655185984
RBT06__RBT08,B,0,1894.545713862552,1596.7808610380382
RBT06__RBT08,B,1,1489.629304181448,1783.123253933973
RBT09__RBT10,A,0,1051.5402712303453,2795.063927153503
RBT09__RBT10,A,1,1372.2860719060968,2935.8161163968934
RBT09__RBT10,B,0,1025.5800115166674,2729.0694183387322
RBT09__RBT10,B,1,1438.6573102450875,2910.339240111232
RBT11__RBT12,A,0,3023.5187799413115,3753.3055119733563
RBT11__RBT12,A,1,3023.7915444105975,3795.7143683433633
RBT11__RBT12,B,0,3073.1945350101523,3702.7317868512278
RBT11__RBT12,B,1,3074.1141977398147,3845.7190487670946
