leg_id,a_id,b_id,leg_type,length_m,pair_flow,econ,air,ground,traffic,risk,risk_max,slowness
DK04__RBT12,DK04,RBT12,straight,375.8,5.0,0.8835,0.8677,0.7782,0.6787,0.8062,0.8464,0.2019
DK01__DB01,DK01,DB01,theta,739.9,2.0,0.6024,0.8052,0.973,0.6995,0.7938,0.9167,0.2141
DB01__RBT15,DB01,RBT15,theta,772.0,5.0,0.6159,0.9848,0.6516,0.7497,0.7641,0.9169,0.2436
RBT12__RBT15,RBT12,RBT15,theta,757.8,7.0,0.7091,0.9432,0.6764,0.5937,0.7464,0.8457,0.2611
DB01__TN7,DB01,TN7,theta,482.5,3.0,0.4283,0.7994,0.8027,0.7338,0.7131,0.9108,0.2941
DK03__RBT17,DK03,RBT17,straight,325.6,6.0,0.822,0.8737,0.5486,0.3664,0.6643,0.6855,0.3423
DK01__RBT15,DK01,RBT15,straight,549.9,4.0,0.7098,0.862,0.5123,0.5218,0.6586,0.7162,0.348
DK04__RBT07,DK04,RBT07,theta,506.4,3.0,0.6984,0.6514,0.8304,0.3428,0.6528,0.8087,0.3537
DB02__RBT04,DB02,RBT04,theta,869.0,5.0,0.4922,0.8914,0.5013,0.5893,0.6341,0.6885,0.3722
DK05__RBT12,DK05,RBT12,straight,687.7,6.0,0.8828,0.7467,0.4777,0.4364,0.6311,0.8224,0.3752
RBT07__RBT12,RBT07,RBT12,straight,637.3,2.0,0.6892,0.6667,0.5873,0.4882,0.6117,0.8134,0.3944
DK06__RBT03,DK06,RBT03,straight,401.3,6.0,0.6325,0.7617,0.6738,0.2482,0.6068,0.6658,0.3993
DK01__RBT16,DK01,RBT16,straight,340.1,4.0,0.648,0.7648,0.5278,0.4013,0.5976,0.7146,0.4083
DK02__RBT14,DK02,RBT14,straight,301.3,7.0,0.8032,0.8339,0.4639,0.2326,0.5965,0.625,0.4094
DB01__TN12,DB01,TN12,straight,542.6,1.0,0.3228,0.5572,0.8237,0.5262,0.5841,0.9084,0.4218
DK03__BAK03,DK03,BAK03,straight,768.7,1.0,0.5922,0.7478,0.575,0.3222,0.5797,0.6855,0.4261
RBT03__RBT04,RBT03,RBT04,theta,869.0,4.0,0.4729,0.7442,0.6109,0.3817,0.5775,0.7654,0.4283
DB01__RN3,DB01,RN3,straight,561.8,1.0,0.3183,0.5484,0.8145,0.52,0.5765,0.9084,0.4292
BAK03__RBT17,BAK03,RBT17,straight,366.0,3.0,0.5043,0.7984,0.5063,0.3711,0.5665,0.6078,0.4392
DB01__TN1,DB01,TN1,theta,720.9,1.0,0.2762,0.4733,0.8438,0.4601,0.5424,0.9084,0.463
DK05__RBT13,DK05,RBT13,straight,674.6,4.0,0.7496,0.6247,0.5082,0.2181,0.5334,0.7903,0.4719
DK04__RBT06,DK04,RBT06,theta,950.7,1.0,0.4603,0.4886,0.7931,0.1955,0.5157,0.8089,0.4895
DB01__TN2,DB01,TN2,theta,904.5,1.0,0.2925,0.5054,0.705,0.4559,0.5128,0.9083,0.4923
DK05__RBT08,DK05,RBT08,theta,858.9,2.0,0.6147,0.5435,0.5943,0.2058,0.5054,0.7903,0.4996
RBT03__RBT08,RBT03,RBT08,theta,743.8,3.0,0.4087,0.646,0.6145,0.2143,0.5027,0.6651,0.5023
TN7__BAK03,TN7,BAK03,theta,784.7,3.0,0.2586,0.7141,0.5915,0.2673,0.4969,0.6078,0.5081
DK05__RBT07,DK05,RBT07,straight,685.1,1.0,0.6105,0.4941,0.5576,0.2898,0.4956,0.8143,0.5094
DK05__RBT04,DK05,RBT04,straight,1199.6,3.0,0.5496,0.5346,0.5117,0.354,0.4946,0.8143,0.5104
DK03__RBT18,DK03,RBT18,straight,495.8,3.0,0.5862,0.6563,0.4905,0.1442,0.4901,0.6577,0.5148
DK06__RBT05,DK06,RBT05,theta,690.7,2.0,0.4713,0.4873,0.7509,0.1028,0.4863,0.6711,0.5186
RBT15__RBT16,RBT15,RBT16,straight,331.3,1.0,0.3802,0.7492,0.2297,0.5215,0.474,0.6916,0.5307
TN5__RBT04,TN5,RBT04,straight,345.7,1.0,0.2797,0.7601,0.148,0.722,0.4728,0.6282,0.532
DK04__TN10,DK04,TN10,straight,706.9,1.0,0.5188,0.4752,0.6431,0.1652,0.4723,0.7852,0.5324
DB02__TN5,DB02,TN5,straight,694.8,3.0,0.3935,0.6885,0.3563,0.3728,0.4667,0.6354,0.538
DK05__RBT17,DK05,RBT17,straight,841.7,3.0,0.6514,0.561,0.3804,0.2682,0.4664,0.7937,0.5383
DK04__RBT11,DK04,RBT11,theta,808.4,2.0,0.4369,0.4576,0.6625,0.198,0.463,0.7852,0.5416
TN1__RBT16,TN1,RBT16,straight,906.7,1.0,0.3873,0.4663,0.6129,0.2787,0.457,0.647,0.5476
RBT17__RBT18,RBT17,RBT18,straight,582.1,2.0,0.5559,0.6868,0.3232,0.2049,0.4551,0.64,0.5494
RBT06__RBT07,RBT06,RBT07,theta,429.9,1.0,0.3729,0.5381,0.56,0.2544,0.4549,0.5342,0.5497
RBT11__RBT15,RBT11,RBT15,straight,361.1,2.0,0.3061,0.6755,0.3141,0.4763,0.4534,0.6642,0.5512
RBT04__RBT07,RBT04,RBT07,straight,594.6,4.0,0.4351,0.6949,0.184,0.4932,0.4493,0.6604,0.5552
RBT04__RBT08,RBT04,RBT08,straight,1032.8,2.0,0.4149,0.567,0.425,0.3156,0.4437,0.7453,0.5607
TN10__RBT06,TN10,RBT06,straight,697.4,4.0,0.4725,0.6081,0.4369,0.1688,0.4417,0.5491,0.5627
RN1__RBT01,RN1,RBT01,theta,906.2,1.0,0.607,0.4308,0.5548,0.0393,0.425,0.4765,0.5793
TN3__BAK03,TN3,BAK03,theta,1238.7,1.0,0.4325,0.3603,0.6745,0.1376,0.4245,0.5968,0.5798
DK01__TN1,DK01,TN1,straight,584.0,1.0,0.3059,0.3543,0.6872,0.2412,0.4219,0.694,0.5823
RBT13__RBT14,RBT13,RBT14,theta,572.3,4.0,0.5104,0.6367,0.3492,0.1158,0.421,0.4842,0.5832
RBT04__RBT06,RBT04,RBT06,straight,485.3,2.0,0.2884,0.704,0.1011,0.5404,0.4073,0.6308,0.5968
RBT12__RBT17,RBT12,RBT17,straight,814.2,3.0,0.4861,0.6416,0.1759,0.2719,0.3969,0.6908,0.6071
DB02__TN8,DB02,TN8,straight,596.1,2.0,0.2826,0.5607,0.3943,0.2631,0.3956,0.6536,0.6083
TN13__RBT05,TN13,RBT05,theta,1517.3,1.0,0.6468,0.1812,0.696,0.0154,0.3956,0.5051,0.6084
DK06__TN13,DK06,TN13,theta,1125.7,1.0,0.5403,0.1979,0.724,0.0417,0.393,0.6536,0.611
DK03__TN3,DK03,TN3,straight,872.5,1.0,0.4935,0.3093,0.589,0.1185,0.3919,0.678,0.612
BAK03__RBT12,BAK03,RBT12,straight,763.9,1.0,0.3635,0.6672,0.2179,0.2583,0.3899,0.6908,0.614
DK03__TN11,DK03,TN11,straight,570.1,1.0,0.5124,0.3629,0.5193,0.0999,0.3871,0.678,0.6168
TN14__RBT01,TN14,RBT01,straight,403.0,1.0,0.5643,0.4248,0.4025,0.0427,0.3696,0.425,0.6341
DK02__RBT09,DK02,RBT09,straight,754.6,2.0,0.5742,0.494,0.2895,0.0921,0.3683,0.5725,0.6354
RBT13__RBT18,RBT13,RBT18,theta,520.4,2.0,0.443,0.5311,0.3409,0.081,0.3664,0.4899,0.6373
TN7__TN2,TN7,TN2,straight,540.4,1.0,0.2295,0.4204,0.4447,0.2539,0.3562,0.5188,0.6474
RBT14__RBT18,RBT14,RBT18,straight,807.4,3.0,0.4785,0.5492,0.2445,0.0918,0.3522,0.4735,0.6514
TN16__RBT06,TN16,RBT06,theta,1712.7,1.0,0.615,0.3277,0.4018,0.0482,0.3515,0.5473,0.652
DK02__RBT19,DK02,RBT19,straight,831.1,1.0,0.6408,0.42,0.2587,0.0716,0.3461,0.6228,0.6574
DK02__BAK02,DK02,BAK02,straight,672.7,1.0,0.6281,0.3205,0.3831,0.0441,0.3455,0.5692,0.6579
RBT05__RBT08,RBT05,RBT08,straight,898.2,1.0,0.537,0.3746,0.3632,0.0743,0.3436,0.4668,0.6598
TN5__RBT06,TN5,RBT06,straight,542.6,3.0,0.2561,0.6443,0.1335,0.2576,0.3361,0.4627,0.6673
TN11__RBT18,TN11,RBT18,straight,863.0,1.0,0.5032,0.2977,0.4489,0.0502,0.3346,0.4198,0.6687
RBT08__RBT13,RBT08,RBT13,straight,526.5,2.0,0.4098,0.5463,0.2078,0.1316,0.3345,0.4447,0.6688
RBT11__RBT16,RBT11,RBT16,straight,333.0,4.0,0.2801,0.6377,0.0879,0.2733,0.3284,0.3541,0.6749
DB02__RBT02,DB02,RBT02,straight,1011.8,1.0,0.2667,0.5061,0.2704,0.2048,0.3272,0.6536,0.676
RBT18__RBT19,RBT18,RBT19,straight,515.4,1.0,0.5853,0.4648,0.1916,0.0476,0.3235,0.3946,0.6797
DK06__TN8,DK06,TN8,straight,925.9,2.0,0.2887,0.4335,0.3521,0.1401,0.3214,0.6469,0.6818
BAK02__RBT09,BAK02,RBT09,theta,813.6,1.0,0.6425,0.2837,0.3418,0.0228,0.3207,0.3478,0.6825
RBT06__RBT10,RBT06,RBT10,straight,1077.4,1.0,0.4421,0.4697,0.223,0.1196,0.3201,0.5473,0.6831
DK06__RBT02,DK06,RBT02,straight,863.4,1.0,0.4247,0.3156,0.3747,0.0935,0.3107,0.6469,0.6924
RBT13__RBT17,RBT13,RBT17,straight,876.1,1.0,0.4515,0.4051,0.235,0.1347,0.3093,0.5382,0.6938
RBT09__RBT14,RBT09,RBT14,straight,555.9,1.0,0.5266,0.5042,0.1088,0.0955,0.3083,0.4357,0.6948
RBT05__RBT09,RBT05,RBT09,straight,487.4,2.0,0.5532,0.5147,0.1003,0.0616,0.3075,0.426,0.6956
TN10__RBT11,TN10,RBT11,straight,554.2,4.0,0.3918,0.5766,0.1012,0.1286,0.3074,0.3517,0.6957
TN8__RBT03,TN8,RBT03,straight,1010.0,1.0,0.2259,0.4794,0.2807,0.1329,0.2998,0.5621,0.7032
RN2__RBT05,RN2,RBT05,straight,1326.5,1.0,0.6862,0.179,0.3533,0.0131,0.2995,0.4992,0.7035
DK02__EXT01,DK02,EXT01,straight,863.1,1.0,0.6753,0.2628,0.2662,0.0256,0.2989,0.6117,0.7041
RN4__RBT18,RN4,RBT18,theta,1821.6,1.0,0.7113,0.2712,0.2323,0.0154,0.2964,0.3961,0.7066
RBT08__RBT14,RBT08,RBT14,straight,833.6,2.0,0.4842,0.4899,0.0912,0.1196,0.2951,0.4727,0.7079
RBT14__RBT19,RBT14,RBT19,straight,619.9,1.0,0.584,0.4289,0.119,0.0642,0.294,0.4741,0.7089
TN2__TN3,TN2,TN3,theta,782.5,1.0,0.5092,0.1369,0.4279,0.1007,0.2914,0.354,0.7115
RBT08__RBT09,RBT08,RBT09,straight,547.0,1.0,0.5448,0.4455,0.0984,0.0928,0.2907,0.4332,0.7122
RBT10__RBT11,RBT10,RBT11,straight,323.2,1.0,0.4861,0.4957,0.0352,0.1625,0.289,0.3409,0.7139
DB02__RBT01,DB02,RBT01,straight,831.1,1.0,0.2444,0.3925,0.3101,0.1284,0.2853,0.5755,0.7175
TN5__RBT01,TN5,RBT01,theta,1114.4,1.0,0.2445,0.5156,0.191,0.1172,0.2843,0.4054,0.7185
TN14__RN1,TN14,RN1,straight,531.5,1.0,0.6769,0.2441,0.2132,0.0254,0.2776,0.2969,0.7251
BAK01__BAK02,BAK01,BAK02,straight,800.0,1.0,0.7087,0.2107,0.2355,0.0072,0.277,0.3404,0.7257
TN10__RBT10,TN10,RBT10,straight,411.2,1.0,0.48,0.497,0.0487,0.0835,0.2764,0.3436,0.7264
TN11__TN3,TN11,TN3,straight,592.9,1.0,0.529,0.2049,0.3139,0.0706,0.2755,0.3749,0.7272
RN1__TN16,RN1,TN16,straight,373.6,1.0,0.7451,0.2186,0.1781,0.0303,0.2741,0.2917,0.7286
RN4__RBT19,RN4,RBT19,straight,1186.2,1.0,0.7719,0.1892,0.1657,0.0028,0.2614,0.376,0.7412
RBT10__RBT16,RBT10,RBT16,straight,793.1,1.0,0.4667,0.3999,0.0398,0.1542,0.2561,0.3352,0.7465
BAK01__RBT05,BAK01,RBT05,straight,684.1,1.0,0.6734,0.3021,0.0775,0.0143,0.2514,0.4273,0.7511
TN13__RN2,TN13,RN2,straight,798.4,1.0,0.7337,0.1243,0.21,0.0125,0.2496,0.3249,0.7529
BAK02__EXT01,BAK02,EXT01,straight,763.2,1.0,0.7195,0.2251,0.1162,0.004,0.2471,0.3287,0.7554
EXT02__RBT05,EXT02,RBT05,straight,1162.2,1.0,0.7118,0.2301,0.103,0.0109,0.2445,0.4629,0.758
BAK01__RBT09,BAK01,RBT09,straight,917.0,1.0,0.6828,0.2542,0.0888,0.0129,0.2421,0.3312,0.7604
TN8__RBT02,TN8,RBT02,straight,419.0,1.0,0.2529,0.4487,0.097,0.1279,0.2399,0.292,0.7625
TN1__RN3,TN1,RN3,straight,450.3,1.0,0.1655,0.2438,0.3401,0.1498,0.2382,0.2824,0.7641
EXT01__RBT19,EXT01,RBT19,straight,1364.5,1.0,0.7264,0.1778,0.1158,0.0051,0.2344,0.3311,0.768
TN12__TN2,TN12,TN2,straight,906.0,1.0,0.2514,0.1787,0.3852,0.0728,0.234,0.2585,0.7683
RN3__TN12,RN3,TN12,straight,51.3,1.0,0.1501,0.2968,0.3081,0.1019,0.2319,0.2428,0.7704
BAK02__EXT02,BAK02,EXT02,straight,1456.0,1.0,0.7442,0.1988,0.0697,0.0089,0.2311,0.3288,0.7712
BAK01__EXT02,BAK01,EXT02,straight,721.1,1.0,0.7267,0.2487,0.0038,0.007,0.2225,0.2592,0.7797
TN11__RN4,TN11,RN4,straight,1945.2,1.0,0.7919,0.0666,0.1216,0.0028,0.2154,0.2641,0.7868
TN13__RBT02,TN13,RBT02,straight,689.4,1.0,0.6246,0.1765,0.105,0.0262,0.2146,0.2924,0.7875
TN16__RBT10,TN16,RBT10,straight,1608.6,1.0,0.7613,0.1266,0.0595,0.029,0.2139,0.2813,0.7882
EXT01__EXT02,EXT01,EXT02,straight,2050.0,1.0,0.8128,0.1256,0.0166,0.003,0.2058,0.2669,0.7962
RN2__EXT02,RN2,EXT02,straight,782.6,1.0,0.8156,0.13,0.0026,0.0091,0.2047,0.2577,0.7973
RN4__EXT01,RN4,EXT01,straight,1537.4,1.0,0.8682,0.0851,0.0166,0.0005,0.2042,0.2669,0.7978
RBT01__RBT02,RBT01,RBT02,straight,1601.5,1.0,0.286,0.224,0.1355,0.0444,0.174,0.3168,0.8278
