route_key,direction,dk_name,db_name,success,message,path_node_ids,path_node_names,path_node_roles,tn_nodes,flz_nodes_on_route,n_nodes,n_edges,n_tn_nodes,n_flz_nodes_on_route,outer_zone_nodes_on_route,n_outer_zone_nodes,total_cost,total_distance_m,min_nofly_clearance_m,nearest_flz_distance_m,flz_buffer_required,flz_buffer_ok,flz_buffer_min_distance_m,flz_buffer_forced,flz_buffer_forced_ok,flz_buffer_via,tn_hard_required,tn_hard_ok,tn_hard_count,tn_hard_forced,tn_hard_forced_ok,tn_hard_via,hard_requirement_message
DK01_to_DB01_forward_forced,forward,DK01,DB01,True,Path found by ACO through an outer-zone waypoint. Forced via TN=- FLZ=FLZ04.,7213;7214;3476;3058;2956;4805;3615;4494;3996;2956,DK01;MAJ005;MIN018;MAJ015;DB01;FLZ04;MIN014;MAJ003;MAJ022;DB01,DK;TN_major;TN_minor;TN_major;DB;FLZ;TN_minor;TN_major;TN_major;DB,MAJ005;MIN018;MAJ015;MIN014;MAJ003;MAJ022,FLZ04,10,9,6,1,,0,23.08163846112364,9322.039530659444,82.64764192673242,0.0,True,True,0.0,True,True,FLZ04,True,True,6.0,False,,,Forced via TN=- FLZ=FLZ04.
DB01_to_DK01_backward,backward,DK01,DB01,True,Path found by ACO.,2956;3996;4494;3615;4805;6728;7213,DB01;MAJ022;MAJ003;MIN014;FLZ04;MAJ017;DK01,DB;TN_major;TN_major;TN_minor;FLZ;TN_major;DK,MAJ022;MAJ003;MIN014;MAJ017,FLZ04,7,6,4,1,,0,42.43796708778448,6831.898276738865,100.0,0.0,True,True,0.0,False,,,True,True,4.0,False,,,
DK01_to_DB01_outer_backup,outer_backup,DK01,DB01,True,Path found by ACO through an outer-zone waypoint.,7213;9151;9253;8722;8026;8943;9105;9253;9151;7214;7213;8943;4103;3865;4046;2329;2431;4354;2739;6073;2956,DK01;MAJ019;DK03;MAJ007;MAJ004;MAJ009;MAJ013;DK03;MAJ019;MAJ005;DK01;MAJ009;MIN006;MIN011;MAJ020;DK04;MAJ014;MIN016;MIN010;MIN017;DB01,DK;TN_major;DK;TN_major;TN_major;TN_major;TN_major;DK;TN_major;TN_major;DK;TN_major;TN_minor;TN_minor;TN_major;DK;TN_major;TN_minor;TN_minor;TN_minor;DB,MAJ019;MAJ007;MAJ004;MAJ009;MAJ013;MAJ019;MAJ005;MAJ009;MIN006;MIN011;MAJ020;MAJ014;MIN016;MIN010;MIN017,,21,20,15,0,MAJ019;MAJ007;MAJ009;MAJ013;MAJ019;MAJ009;MAJ020;MAJ014;MIN016;MIN010;MIN017,11,42.352459045110145,22179.667083968834,91.43973146174442,34.401045807689165,True,True,34.401045807689165,False,,,True,True,15.0,False,,,
DK01_to_DB02_forward,forward,DK01,DB02,True,Path found by ACO.,7213;6728;4805;3615;4494;3996;2956;4103;2711,DK01;MAJ017;FLZ04;MIN014;MAJ003;MAJ022;DB01;MIN006;DB02,DK;TN_major;FLZ;TN_minor;TN_major;TN_major;DB;TN_minor;DB,MAJ017;MIN014;MAJ003;MAJ022;MIN006,FLZ04,9,8,5,1,,0,51.534452298389944,10017.891780251268,100.0,0.0,True,True,0.0,False,,,True,True,5.0,False,,,
DB02_to_DK01_backward,backward,DK01,DB02,True,Path found by ACO.,2711;3008;4479;3058;2956;3996;4494;3615;4805;6728;7213,DB02;MIN008;MAJ011;MAJ015;DB01;MAJ022;MAJ003;MIN014;FLZ04;MAJ017;DK01,DB;TN_minor;TN_major;TN_major;DB;TN_major;TN_major;TN_minor;FLZ;TN_major;DK,MIN008;MAJ011;MAJ015;MAJ022;MAJ003;MIN014;MAJ017,FLZ04,11,10,7,1,,0,55.1283817575147,10344.970803441309,89.54092988684002,0.0,True,True,0.0,False,,,True,True,7.0,False,,,
DK01_to_DB02_outer_backup,outer_backup,DK01,DB02,True,Path found by ACO through an outer-zone waypoint.,7213;7214;9151;7214;7213;8722;8719;9312;8141;5615;3204;2811;2711,DK01;MAJ005;MAJ019;MAJ005;DK01;MAJ007;DK06;MIN004;MIN015;MAJ010;MAJ012;MAJ018;DB02,DK;TN_major;TN_major;TN_major;DK;TN_major;DK;TN_minor;TN_minor;TN_major;TN_major;TN_major;DB,MAJ005;MAJ019;MAJ005;MAJ007;MIN004;MIN015;MAJ010;MAJ012;MAJ018,,13,12,9,0,MAJ019;MAJ007;MIN004,3,53.441207866464126,9798.59685659379,130.21143306575672,48.57668038834054,True,True,48.57668038834054,False,,,True,True,9.0,False,,,
DK02_to_DB01_forward,forward,DK02,DB01,False,No ACO/Dijkstra path found.,,,,,,0,0,0,0,,0,inf,inf,,,True,True,,False,,,True,True,0.0,False,,,
DB01_to_DK02_backward,backward,DK02,DB01,False,No ACO/Dijkstra path found.,,,,,,0,0,0,0,,0,inf,inf,,,True,True,,False,,,True,True,0.0,False,,,
DK02_to_DB01_outer_backup,outer_backup,DK02,DB01,False,No ACO/Dijkstra path found.,,,,,,0,0,0,0,,0,inf,inf,,,True,True,,False,,,True,True,0.0,False,,,
DK02_to_DB02_forward,forward,DK02,DB02,False,No ACO/Dijkstra path found.,,,,,,0,0,0,0,,0,inf,inf,,,True,True,,False,,,True,True,0.0,False,,,
DB02_to_DK02_backward,backward,DK02,DB02,False,No ACO/Dijkstra path found.,,,,,,0,0,0,0,,0,inf,inf,,,True,True,,False,,,True,True,0.0,False,,,
DK02_to_DB02_outer_backup,outer_backup,DK02,DB02,False,No ACO/Dijkstra path found.,,,,,,0,0,0,0,,0,inf,inf,,,True,True,,False,,,True,True,0.0,False,,,
DK03_to_DB01_forward,forward,DK03,DB01,True,Path found by ACO.,9253;9151;6728;4103;2956,DK03;MAJ019;MAJ017;MIN006;DB01,DK;TN_major;TN_major;TN_minor;DB,MAJ019;MAJ017;MIN006,,5,4,3,0,MAJ019,1,13.141034422490087,4454.866098662726,100.0,237.3912284312055,True,True,237.3912284312055,False,,,True,True,3.0,False,,,
DB01_to_DK03_backward,backward,DK03,DB01,True,Path found by ACO.,2956;4103;6728;9151;9253,DB01;MIN006;MAJ017;MAJ019;DK03,DB;TN_minor;TN_major;TN_major;DK,MIN006;MAJ017;MAJ019,,5,4,3,0,MAJ019,1,13.141034422490087,4454.8660986627265,100.0,237.3912284312055,True,True,237.3912284312055,False,,,True,True,3.0,False,,,
DK03_to_DB01_outer_backup,outer_backup,DK03,DB01,True,Path found by ACO through an outer-zone waypoint.,9253;9151;9105;9151;9253;8943;4103;3476;4354;6073;2956,DK03;MAJ019;MAJ013;MAJ019;DK03;MAJ009;MIN006;MIN018;MIN016;MIN017;DB01,DK;TN_major;TN_major;TN_major;DK;TN_major;TN_minor;TN_minor;TN_minor;TN_minor;DB,MAJ019;MAJ013;MAJ019;MAJ009;MIN006;MIN018;MIN016;MIN017,,11,10,8,0,MAJ019;MAJ013;MAJ019;MAJ009;MIN016;MIN017,6,124.44456224355906,12817.930019799445,91.43973146174442,189.3730201868185,True,True,189.3730201868185,False,,,True,True,8.0,False,,,
DK03_to_DB02_forward,forward,DK03,DB02,True,Path found by ACO.,9253;9151;6728;4103;2956;4494;2711,DK03;MAJ019;MAJ017;MIN006;DB01;MAJ003;DB02,DK;TN_major;TN_major;TN_minor;DB;TN_major;DB,MAJ019;MAJ017;MIN006;MAJ003,,7,6,4,0,MAJ019,1,22.294345188490055,7795.685985852766,100.0,37.16517186829642,True,True,37.16517186829642,False,,,True,True,4.0,False,,,
DB02_to_DK03_backward,backward,DK03,DB02,True,Path found by ACO.,2711;4494;2956;4103;6728;9151;9253,DB02;MAJ003;DB01;MIN006;MAJ017;MAJ019;DK03,DB;TN_major;DB;TN_minor;TN_major;TN_major;DK,MAJ003;MIN006;MAJ017;MAJ019,,7,6,4,0,MAJ019,1,22.294345188490052,7795.685985852767,100.0,37.16517186829642,True,True,37.16517186829642,False,,,True,True,4.0,False,,,
DK03_to_DB02_outer_backup,outer_backup,DK03,DB02,True,Path found by ACO through an outer-zone waypoint.,9253;9151;8722;9151;9253;8943;4103;3204;2711,DK03;MAJ019;MAJ007;MAJ019;DK03;MAJ009;MIN006;MAJ012;DB02,DK;TN_major;TN_major;TN_major;DK;TN_major;TN_minor;TN_major;DB,MAJ019;MAJ007;MAJ019;MAJ009;MIN006;MAJ012,,9,8,6,0,MAJ019;MAJ007;MAJ019;MAJ009,4,137.44199927553476,6809.794006237911,150.00000000000009,76.6818234056566,True,True,76.6818234056566,False,,,True,True,6.0,False,,,
DK04_to_DB01_forward_forced,forward,DK04,DB01,True,Path found by ACO through an outer-zone waypoint. Forced via TN=- FLZ=FLZ04.,2329;4354;3058;2956;4494;4479;3008;3204;2711;2811;4805;2811;2711;3204;3008;4479;4494;2956,DK04;MIN016;MAJ015;DB01;MAJ003;MAJ011;MIN008;MAJ012;DB02;MAJ018;FLZ04;MAJ018;DB02;MAJ012;MIN008;MAJ011;MAJ003;DB01,DK;TN_minor;TN_major;DB;TN_major;TN_major;TN_minor;TN_major;DB;TN_major;FLZ;TN_major;DB;TN_major;TN_minor;TN_major;TN_major;DB,MIN016;MAJ015;MAJ003;MAJ011;MIN008;MAJ012;MAJ018;MAJ018;MAJ012;MIN008;MAJ011;MAJ003,FLZ04,18,17,12,1,MIN016,1,82.69469840783132,16420.216357334015,100.0,0.0,True,True,0.0,True,True,FLZ04,True,True,12.0,False,,,Forced via TN=- FLZ=FLZ04.
DB01_to_DK04_backward,backward,DK04,DB01,True,Path found by ACO.,2956;4494;4479;3008;3204;2711;2811;4805;3476;4046;2329,DB01;MAJ003;MAJ011;MIN008;MAJ012;DB02;MAJ018;FLZ04;MIN018;MAJ020;DK04,DB;TN_major;TN_major;TN_minor;TN_major;DB;TN_major;FLZ;TN_minor;TN_major;DK,MAJ003;MAJ011;MIN008;MAJ012;MAJ018;MIN018;MAJ020,FLZ04,11,10,7,1,MAJ020,1,56.23914343274603,10829.946437923536,100.0,0.0,True,True,0.0,False,,,True,True,7.0,False,,,
DK04_to_DB01_outer_backup_forced,outer_backup,DK04,DB01,True,Path found by ACO through an outer-zone waypoint. Forced via TN=- FLZ=FLZ04.,2329;2431;4046;3476;4805;3476;4046;2431;2329;4354;6073;2956,DK04;MAJ014;MAJ020;MIN018;FLZ04;MIN018;MAJ020;MAJ014;DK04;MIN016;MIN017;DB01,DK;TN_major;TN_major;TN_minor;FLZ;TN_minor;TN_major;TN_major;DK;TN_minor;TN_minor;DB,MAJ014;MAJ020;MIN018;MIN018;MAJ020;MAJ014;MIN016;MIN017,FLZ04,12,11,8,1,MAJ014;MAJ020;MAJ020;MAJ014;MIN016;MIN017,6,454.2134854536296,11043.127321418306,91.43973146174442,0.0,True,True,0.0,True,True,FLZ04,True,True,8.0,False,,,Forced via TN=- FLZ=FLZ04.
DK04_to_DB02_forward,forward,DK04,DB02,True,Path found by ACO.,2329;4046;3476;4805;2811;2711,DK04;MAJ020;MIN018;FLZ04;MAJ018;DB02,DK;TN_major;TN_minor;FLZ;TN_major;DB,MAJ020;MIN018;MAJ018,FLZ04,6,5,3,1,MAJ020,1,34.86735312837079,5416.437790298209,120.49124694171431,0.0,True,True,0.0,False,,,True,True,3.0,False,,,
DB02_to_DK04_backward,backward,DK04,DB02,True,Path found by ACO.,2711;2811;4805;3476;4046;2329,DB02;MAJ018;FLZ04;MIN018;MAJ020;DK04,DB;TN_major;FLZ;TN_minor;TN_major;DK,MAJ018;MIN018;MAJ020,FLZ04,6,5,3,1,MAJ020,1,34.86735312837079,5416.437790298209,120.49124694171431,0.0,True,True,0.0,False,,,True,True,3.0,False,,,
DK04_to_DB02_outer_backup,outer_backup,DK04,DB02,True,Path found by ACO through an outer-zone waypoint.,2329;2431;4046;2431;2329;4354;3476;3996;2711,DK04;MAJ014;MAJ020;MAJ014;DK04;MIN016;MIN018;MAJ022;DB02,DK;TN_major;TN_major;TN_major;DK;TN_minor;TN_minor;TN_major;DB,MAJ014;MAJ020;MAJ014;MIN016;MIN018;MAJ022,,9,8,6,0,MAJ014;MAJ020;MAJ014;MIN016,4,163.30841521522603,6723.42527507217,153.9710231262333,65.0182076475691,True,True,65.0182076475691,False,,,True,True,6.0,False,,,
DK05_to_DB01_forward_forced,forward,DK05,DB01,True,Path found by ACO through an outer-zone waypoint. Forced via TN=- FLZ=FLZ03.,9104;8425;5292;5701;1955;1555;2956;3058;4103;7231;6708;8127;6708;8533;7208;7231;4103;3058;2956,DK05;MAJ008;MIN001;MIN002;MIN022;MIN020;DB01;MAJ015;MIN006;MIN013;MIN003;FLZ03;MIN003;MIN005;MIN012;MIN013;MIN006;MAJ015;DB01,DK;TN_major;TN_minor;TN_minor;TN_minor;TN_minor;DB;TN_major;TN_minor;TN_minor;TN_minor;FLZ;TN_minor;TN_minor;TN_minor;TN_minor;TN_minor;TN_major;DB,MAJ008;MIN001;MIN002;MIN022;MIN020;MAJ015;MIN006;MIN013;MIN003;MIN003;MIN005;MIN012;MIN013;MIN006;MAJ015,FLZ03,19,18,15,1,,0,57.53538639036459,18775.39354234795,84.96431551682477,0.0,True,True,0.0,True,True,FLZ03,True,True,15.0,False,,,Forced via TN=- FLZ=FLZ03.
DB01_to_DK05_backward,backward,DK05,DB01,True,Path found by ACO.,2956;3058;4103;7231;7208;8533;6708;8127;9105;9104,DB01;MAJ015;MIN006;MIN013;MIN012;MIN005;MIN003;FLZ03;MAJ013;DK05,DB;TN_major;TN_minor;TN_minor;TN_minor;TN_minor;TN_minor;FLZ;TN_major;DK,MAJ015;MIN006;MIN013;MIN012;MIN005;MIN003;MAJ013,FLZ03,10,9,7,1,MAJ013,1,46.32949174407145,8917.83889590758,100.0,0.0,True,True,0.0,False,,,True,True,7.0,False,,,
DK05_to_DB01_outer_backup_forced,outer_backup,DK05,DB01,True,Path found by ACO through an outer-zone waypoint. Forced via TN=- FLZ=FLZ03.,9104;9105;9151;9253;9312;8943;7214;7213;6708;3476;4046;2329;2431;2739;4354;6073;3058;2956;5701;8425;8719;8722;8127;6291;5693;5292;3058;2956,DK05;MAJ013;MAJ019;DK03;MIN004;MAJ009;MAJ005;DK01;MIN003;MIN018;MAJ020;DK04;MAJ014;MIN010;MIN016;MIN017;MAJ015;DB01;MIN002;MAJ008;DK06;MAJ007;FLZ03;MAJ016;MIN007;MIN001;MAJ015;DB01,DK;TN_major;TN_major;DK;TN_minor;TN_major;TN_major;DK;TN_minor;TN_minor;TN_major;DK;TN_major;TN_minor;TN_minor;TN_minor;TN_major;DB;TN_minor;TN_major;DK;TN_major;FLZ;TN_major;TN_minor;TN_minor;TN_major;DB,MAJ013;MAJ019;MIN004;MAJ009;MAJ005;MIN003;MIN018;MAJ020;MAJ014;MIN010;MIN016;MIN017;MAJ015;MIN002;MAJ008;MAJ007;MAJ016;MIN007;MIN001;MAJ015,FLZ03,28,27,20,1,MAJ013;MAJ019;MIN004;MAJ009;MAJ020;MAJ014;MIN010;MIN016;MIN017;MAJ007,10,824.8733547245608,23243.546729193244,87.17053401856371,0.0,True,True,0.0,True,True,FLZ03,True,True,20.0,False,,,Forced via TN=- FLZ=FLZ03.
DK05_to_DB02_forward,forward,DK05,DB02,True,Path found by ACO.,9104;9105;8127;6708;8533;7208;7231;4103;3058;2956;3996;2711,DK05;MAJ013;FLZ03;MIN003;MIN005;MIN012;MIN013;MIN006;MAJ015;DB01;MAJ022;DB02,DK;TN_major;FLZ;TN_minor;TN_minor;TN_minor;TN_minor;TN_minor;TN_major;DB;TN_major;DB,MAJ013;MIN003;MIN005;MIN012;MIN013;MIN006;MAJ015;MAJ022,FLZ03,12,11,8,1,MAJ013,1,55.649555466438215,12042.512630035082,100.0,0.0,True,True,0.0,False,,,True,True,8.0,False,,,
DB02_to_DK05_backward,backward,DK05,DB02,True,Path found by ACO.,2711;3996;2956;3058;4103;7231;7208;8533;6708;8127;9105;9104,DB02;MAJ022;DB01;MAJ015;MIN006;MIN013;MIN012;MIN005;MIN003;FLZ03;MAJ013;DK05,DB;TN_major;DB;TN_major;TN_minor;TN_minor;TN_minor;TN_minor;TN_minor;FLZ;TN_major;DK,MAJ022;MAJ015;MIN006;MIN013;MIN012;MIN005;MIN003;MAJ013,FLZ03,12,11,8,1,MAJ013,1,55.649555466438215,12042.51263003508,100.0,0.0,True,True,0.0,False,,,True,True,8.0,False,,,
DK05_to_DB02_outer_backup,outer_backup,DK05,DB02,True,Path found by ACO through an outer-zone waypoint.,9104;9105;8489;9105;9104;9151;9253;8943;4103;2711,DK05;MAJ013;MIN009;MAJ013;DK05;MAJ019;DK03;MAJ009;MIN006;DB02,DK;TN_major;TN_minor;TN_major;DK;TN_major;DK;TN_major;TN_minor;DB,MAJ013;MIN009;MAJ013;MAJ019;MAJ009;MIN006,,10,9,6,0,MAJ013;MIN009;MAJ013;MAJ019;MAJ009,5,108.70253018237358,7804.635205540729,95.01461875826152,32.34120221587586,True,True,32.34120221587586,False,,,True,True,6.0,False,,,
DK06_to_DB01_forward_forced,forward,DK06,DB01,True,Path found by ACO through an outer-zone waypoint. Forced via TN=- FLZ=FLZ03.,8719;8425;5292;2956;3058;5701;5693;8127;5693;5701;3058;2956,DK06;MAJ008;MIN001;DB01;MAJ015;MIN002;MIN007;FLZ03;MIN007;MIN002;MAJ015;DB01,DK;TN_major;TN_minor;DB;TN_major;TN_minor;TN_minor;FLZ;TN_minor;TN_minor;TN_major;DB,MAJ008;MIN001;MAJ015;MIN002;MIN007;MIN007;MIN002;MAJ015,FLZ03,12,11,8,1,,0,61.56377520871037,9996.414856727577,100.0,0.0,True,True,0.0,True,True,FLZ03,True,True,8.0,False,,,Forced via TN=- FLZ=FLZ03.
DB01_to_DK06_backward,backward,DK06,DB01,True,Path found by ACO.,2956;3058;5701;5693;8127;8533;8719,DB01;MAJ015;MIN002;MIN007;FLZ03;MIN005;DK06,DB;TN_major;TN_minor;TN_minor;FLZ;TN_minor;DK,MAJ015;MIN002;MIN007;MIN005,FLZ03,7,6,4,1,,0,38.2746801598786,4353.765707399395,100.0,0.0,True,True,0.0,False,,,True,True,4.0,False,,,
DK06_to_DB01_outer_backup,outer_backup,DK06,DB01,True,Path found by ACO through an outer-zone waypoint.,8719;8722;9105;8722;8719;8943;4103;2956,DK06;MAJ007;MAJ013;MAJ007;DK06;MAJ009;MIN006;DB01,DK;TN_major;TN_major;TN_major;DK;TN_major;TN_minor;DB,MAJ007;MAJ013;MAJ007;MAJ009;MIN006,,8,7,5,0,MAJ007;MAJ013;MAJ007;MAJ009,4,113.97787879101652,7857.549968953082,100.0,189.3730201868185,True,True,189.3730201868185,False,,,True,True,5.0,False,,,
DK06_to_DB02_forward,forward,DK06,DB02,True,Path found by ACO.,8719;8533;8127;5693;5701;3058;2956;4103;2711,DK06;MIN005;FLZ03;MIN007;MIN002;MAJ015;DB01;MIN006;DB02,DK;TN_minor;FLZ;TN_minor;TN_minor;TN_major;DB;TN_minor;DB,MIN005;MIN007;MIN002;MAJ015;MIN006,FLZ03,9,8,5,1,,0,47.37116537048407,7539.759210911796,100.0,0.0,True,True,0.0,False,,,True,True,5.0,False,,,
DB02_to_DK06_backward,backward,DK06,DB02,True,Path found by ACO.,2711;4103;2956;3058;5701;5693;8127;8533;8719,DB02;MIN006;DB01;MAJ015;MIN002;MIN007;FLZ03;MIN005;DK06,DB;TN_minor;DB;TN_major;TN_minor;TN_minor;FLZ;TN_minor;DK,MIN006;MAJ015;MIN002;MIN007;MIN005,FLZ03,9,8,5,1,,0,47.371165370484064,7539.759210911797,100.0,0.0,True,True,0.0,False,,,True,True,5.0,False,,,
DK06_to_DB02_outer_backup,outer_backup,DK06,DB02,True,Path found by ACO through an outer-zone waypoint.,8719;8722;9105;8722;8719;9151;9253;8943;5615;2711,DK06;MAJ007;MAJ013;MAJ007;DK06;MAJ019;DK03;MAJ009;MAJ010;DB02,DK;TN_major;TN_major;TN_major;DK;TN_major;DK;TN_major;TN_major;DB,MAJ007;MAJ013;MAJ007;MAJ019;MAJ009;MAJ010,,10,9,6,0,MAJ007;MAJ013;MAJ007;MAJ019;MAJ009,5,109.25571957745525,7886.7196271636685,139.43510591070893,226.69117514559093,True,True,226.69117514559093,False,,,True,True,6.0,False,,,
TA001_MAJ013_DK05_to_DB01,ta_coverage,DK05,DB01,True,TA coverage scenario through MAJ013. Path found by ACO through an outer-zone waypoint.,9104;9105;9104;9312;8425;3476;2956,DK05;MAJ013;DK05;MIN004;MAJ008;MIN018;DB01,DK;TN_major;DK;TN_minor;TN_major;TN_minor;DB,MAJ013;MIN004;MAJ008;MIN018,,7,6,4,0,MAJ013;MIN004,2,21.538993130455896,4845.2836134594045,100.0,250.0,,,,,,,,,,,,,
TA002_MAJ018_DK01_to_DB02,ta_coverage,DK01,DB02,True,TA coverage scenario through MAJ018. Path found by ACO through an outer-zone waypoint.,7213;7214;6728;3204;2711;2811;5615;6728;8026;7214;7213;7231;3204;2711,DK01;MAJ005;MAJ017;MAJ012;DB02;MAJ018;MAJ010;MAJ017;MAJ004;MAJ005;DK01;MIN013;MAJ012;DB02,DK;TN_major;TN_major;TN_major;DB;TN_major;TN_major;TN_major;TN_major;TN_major;DK;TN_minor;TN_major;DB,MAJ005;MAJ017;MAJ012;MAJ018;MAJ010;MAJ017;MAJ004;MAJ005;MIN013;MAJ012,,14,13,10,0,,0,34.04787854457561,11133.033674001246,150.00000000000009,30.217134831078532,,,,,,,,,,,,,
TA003_MAJ015_DK04_to_DB01,ta_coverage,DK04,DB01,True,TA coverage scenario through MAJ015. Path found by ACO through an outer-zone waypoint.,2329;6073;3058;4354;2431;2329;6073;2956,DK04;MIN017;MAJ015;MIN016;MAJ014;DK04;MIN017;DB01,DK;TN_minor;TN_major;TN_minor;TN_major;DK;TN_minor;DB,MIN017;MAJ015;MIN016;MAJ014;MIN017,,8,7,5,0,MIN017;MIN016;MAJ014;MIN017,4,37.431604231716484,9255.001993064554,89.46447749561842,1721.796961051594,,,,,,,,,,,,,
TA004_MAJ019_DK03_to_DB02,ta_coverage,DK03,DB02,True,TA coverage scenario through MAJ019. Path found by ACO through an outer-zone waypoint.,9253;9151;9253;7214;7213;5615;2711,DK03;MAJ019;DK03;MAJ005;DK01;MAJ010;DB02,DK;TN_major;DK;TN_major;DK;TN_major;DB,MAJ019;MAJ005;MAJ010,,7,6,3,0,MAJ019,1,13.194476641851002,4689.311208437576,166.19265928433782,166.22496742643202,,,,,,,,,,,,,
TA005_MAJ004_DK01_to_DB01,ta_coverage,DK01,DB01,True,TA coverage scenario through MAJ004. Path found by ACO through an outer-zone waypoint.,7213;7214;9253;9151;8026;9151;9253;7214;7213;5701;3058;2956,DK01;MAJ005;DK03;MAJ019;MAJ004;MAJ019;DK03;MAJ005;DK01;MIN002;MAJ015;DB01,DK;TN_major;DK;TN_major;TN_major;TN_major;DK;TN_major;DK;TN_minor;TN_major;DB,MAJ005;MAJ019;MAJ004;MAJ019;MAJ005;MIN002;MAJ015,,12,11,7,0,MAJ019;MAJ019,2,25.42747684599874,7169.279644399018,100.0,43.47909956249568,,,,,,,,,,,,,
TA006_MAJ014_DK04_to_DB01,ta_coverage,DK04,DB01,True,TA coverage scenario through MAJ014. Path found by ACO through an outer-zone waypoint.,2329;2431;2329;4354;3058;2956,DK04;MAJ014;DK04;MIN016;MAJ015;DB01,DK;TN_major;DK;TN_minor;TN_major;DB,MAJ014;MIN016;MAJ015,,6,5,3,0,MAJ014;MIN016,2,17.117049918007844,2312.9551687120147,100.0,1724.0939649566667,,,,,,,,,,,,,
TA007_MAJ005_DK01_to_DB01,ta_coverage,DK01,DB01,True,TA coverage scenario through MAJ005. Path found by ACO through an outer-zone waypoint.,7213;7214;7213;5292;2956,DK01;MAJ005;DK01;MIN001;DB01,DK;TN_major;DK;TN_minor;DB,MAJ005;MIN001,,5,4,2,0,,0,9.260403824047076,2376.2331400894304,100.0,492.44289008980525,,,,,,,,,,,,,
TA008_MAJ002_DK01_to_DB01,ta_coverage,DK01,DB01,False,Failed leg1 (7213->4893): No ACO/Dijkstra path found.,,,,,,0,0,0,0,,0,inf,inf,,,,,,,,,,,,,,,
TA009_MAJ003_DK01_to_DB01,ta_coverage,DK01,DB01,True,TA coverage scenario through MAJ003. Path found by ACO through an outer-zone waypoint.,7213;7214;3476;3865;4494;4103;6728;8425;8026;7214;7213;8533;6708;5292;2956,DK01;MAJ005;MIN018;MIN011;MAJ003;MIN006;MAJ017;MAJ008;MAJ004;MAJ005;DK01;MIN005;MIN003;MIN001;DB01,DK;TN_major;TN_minor;TN_minor;TN_major;TN_minor;TN_major;TN_major;TN_major;TN_major;DK;TN_minor;TN_minor;TN_minor;DB,MAJ005;MIN018;MIN011;MAJ003;MIN006;MAJ017;MAJ008;MAJ004;MAJ005;MIN005;MIN003;MIN001,,15,14,12,0,,0,43.8269856053836,11708.208521672364,100.0,23.57022603955137,,,,,,,,,,,,,
TA010_MAJ007_DK06_to_DB01,ta_coverage,DK06,DB01,True,TA coverage scenario through MAJ007. Path found by ACO through an outer-zone waypoint.,8719;8722;8719;5615;3996;3058;2956,DK06;MAJ007;DK06;MAJ010;MAJ022;MAJ015;DB01,DK;TN_major;DK;TN_major;TN_major;TN_major;DB,MAJ007;MAJ010;MAJ022;MAJ015,,7,6,4,0,MAJ007,1,20.157890192162824,4758.354832101984,89.2936504409486,31.265134743337473,,,,,,,,,,,,,
TA011_MAJ006_DK06_to_DB01,ta_coverage,DK06,DB01,True,TA coverage scenario through MAJ006. Path found by ACO through an outer-zone waypoint.,8719;8722;8413;8722;8719;8533;8026;5701;2956,DK06;MAJ007;MAJ006;MAJ007;DK06;MIN005;MAJ004;MIN002;DB01,DK;TN_major;TN_major;TN_major;DK;TN_minor;TN_major;TN_minor;DB,MAJ007;MAJ006;MAJ007;MIN005;MAJ004;MIN002,,9,8,6,0,MAJ007;MAJ007,2,27.78989322204876,4823.142120456831,100.0,18.633899812498385,,,,,,,,,,,,,
TA012_MAJ021_DK02_to_DB01,ta_coverage,DK02,DB01,False,Failed leg1 (8086->7885): No ACO/Dijkstra path found.,,,,,,0,0,0,0,,0,inf,inf,,,,,,,,,,,,,,,
TA013_MAJ008_DK06_to_DB01,ta_coverage,DK06,DB01,True,TA coverage scenario through MAJ008. Path found by ACO through an outer-zone waypoint.,8719;8425;8719;8141;6291;5292;2956,DK06;MAJ008;DK06;MIN015;MAJ016;MIN001;DB01,DK;TN_major;DK;TN_minor;TN_major;TN_minor;DB,MAJ008;MIN015;MAJ016;MIN001,,7,6,4,0,,0,26.867398948223812,6280.509298174947,100.0,146.82530245547446,,,,,,,,,,,,,
TA014_MAJ017_DK01_to_DB02,ta_coverage,DK01,DB02,True,TA coverage scenario through MAJ017. Path found by ACO through an outer-zone waypoint.,7213;7214;6728;7214;7213;8026;5615;2711,DK01;MAJ005;MAJ017;MAJ005;DK01;MAJ004;MAJ010;DB02,DK;TN_major;TN_major;TN_major;DK;TN_major;TN_major;DB,MAJ005;MAJ017;MAJ005;MAJ004;MAJ010,,8,7,5,0,,0,16.794614616064706,5815.540705344963,180.27756377319946,50.0,,,,,,,,,,,,,
TA015_MAJ010_DK01_to_DB02,ta_coverage,DK01,DB02,True,TA coverage scenario through MAJ010. Path found by ACO through an outer-zone waypoint.,7213;7214;6728;5615;6728;7214;7213;6708;7231;3204;2711,DK01;MAJ005;MAJ017;MAJ010;MAJ017;MAJ005;DK01;MIN003;MIN013;MAJ012;DB02,DK;TN_major;TN_major;TN_major;TN_major;TN_major;DK;TN_minor;TN_minor;TN_major;DB,MAJ005;MAJ017;MAJ010;MAJ017;MAJ005;MIN003;MIN013;MAJ012,,11,10,8,0,,0,26.112641183703015,7119.7734282835245,150.00000000000009,31.027125730526308,,,,,,,,,,,,,
TA016_MAJ011_DK01_to_DB01,ta_coverage,DK01,DB01,True,TA coverage scenario through MAJ011. Path found by ACO through an outer-zone waypoint.,7213;7214;6728;5615;4103;4479;4103;5615;6728;7214;7213;8026;8533;5701;3058;2956,DK01;MAJ005;MAJ017;MAJ010;MIN006;MAJ011;MIN006;MAJ010;MAJ017;MAJ005;DK01;MAJ004;MIN005;MIN002;MAJ015;DB01,DK;TN_major;TN_major;TN_major;TN_minor;TN_major;TN_minor;TN_major;TN_major;TN_major;DK;TN_major;TN_minor;TN_minor;TN_major;DB,MAJ005;MAJ017;MAJ010;MIN006;MAJ011;MIN006;MAJ010;MAJ017;MAJ005;MAJ004;MIN005;MIN002;MAJ015,,16,15,13,0,,0,46.515429021609926,11319.959232164983,100.0,18.633899812498385,,,,,,,,,,,,,
TA017_MAJ012_DK01_to_DB02,ta_coverage,DK01,DB02,True,TA coverage scenario through MAJ012. Path found by ACO through an outer-zone waypoint.,7213;7214;6728;5615;4103;4479;3204;4479;4103;5615;6728;7214;7213;6708;7231;3008;2711,DK01;MAJ005;MAJ017;MAJ010;MIN006;MAJ011;MAJ012;MAJ011;MIN006;MAJ010;MAJ017;MAJ005;DK01;MIN003;MIN013;MIN008;DB02,DK;TN_major;TN_major;TN_major;TN_minor;TN_major;TN_major;TN_major;TN_minor;TN_major;TN_major;TN_major;DK;TN_minor;TN_minor;TN_minor;DB,MAJ005;MAJ017;MAJ010;MIN006;MAJ011;MAJ012;MAJ011;MIN006;MAJ010;MAJ017;MAJ005;MIN003;MIN013;MIN008,,17,16,14,0,,0,54.282186371597895,15381.445759179072,100.0,96.06319801613643,,,,,,,,,,,,,
TA018_MAJ020_DK04_to_DB01,ta_coverage,DK04,DB01,True,TA coverage scenario through MAJ020. Path found by ACO through an outer-zone waypoint.,2329;4046;2329;6073;2956,DK04;MAJ020;DK04;MIN017;DB01,DK;TN_major;DK;TN_minor;DB,MAJ020;MIN017,,5,4,2,0,MAJ020;MIN017,2,18.750338550767573,5283.552173545768,91.43973146174442,1783.093505394373,,,,,,,,,,,,,
TA019_MAJ016_DK01_to_DB01,ta_coverage,DK01,DB01,True,TA coverage scenario through MAJ016. Path found by ACO through an outer-zone waypoint.,7213;7214;6291;7214;7213;3476;2956,DK01;MAJ005;MAJ016;MAJ005;DK01;MIN018;DB01,DK;TN_major;TN_major;TN_major;DK;TN_minor;DB,MAJ005;MAJ016;MAJ005;MIN018,,7,6,4,0,,0,19.25828290794716,4404.901112751419,100.0,492.44289008980525,,,,,,,,,,,,,
TA020_MAJ009_DK03_to_DB01,ta_coverage,DK03,DB01,True,TA coverage scenario through MAJ009. Path found by ACO through an outer-zone waypoint.,9253;9151;8943;9151;9253;5292;2956,DK03;MAJ019;MAJ009;MAJ019;DK03;MIN001;DB01,DK;TN_major;TN_major;TN_major;DK;TN_minor;DB,MAJ019;MAJ009;MAJ019;MIN001,,7,6,4,0,MAJ019;MAJ009;MAJ019,3,18.495956885465723,4333.722687357087,100.0,383.011136736515,,,,,,,,,,,,,
TA021_MAJ022_DK01_to_DB02,ta_coverage,DK01,DB02,True,TA coverage scenario through MAJ022. Path found by ACO through an outer-zone waypoint.,7213;7214;6728;7231;3996;7231;6728;8026;7214;7213;8533;5615;2711,DK01;MAJ005;MAJ017;MIN013;MAJ022;MIN013;MAJ017;MAJ004;MAJ005;DK01;MIN005;MAJ010;DB02,DK;TN_major;TN_major;TN_minor;TN_major;TN_minor;TN_major;TN_major;TN_major;DK;TN_minor;TN_major;DB,MAJ005;MAJ017;MIN013;MAJ022;MIN013;MAJ017;MAJ004;MAJ005;MIN005;MAJ010,,13,12,10,0,,0,32.74424263212235,10478.04397634085,96.64956626555797,18.24484027089759,,,,,,,,,,,,,
TA022_MIN001_DK01_to_DB01,ta_coverage,DK01,DB01,True,TA coverage scenario through MIN001. Path found by ACO through an outer-zone waypoint.,7213;7214;8026;6728;7231;3996;3476;5292;3476;3996;7231;6728;8026;7214;7213;5701;2956,DK01;MAJ005;MAJ004;MAJ017;MIN013;MAJ022;MIN018;MIN001;MIN018;MAJ022;MIN013;MAJ017;MAJ004;MAJ005;DK01;MIN002;DB01,DK;TN_major;TN_major;TN_major;TN_minor;TN_major;TN_minor;TN_minor;TN_minor;TN_major;TN_minor;TN_major;TN_major;TN_major;DK;TN_minor;DB,MAJ005;MAJ004;MAJ017;MIN013;MAJ022;MIN018;MIN001;MIN018;MAJ022;MIN013;MAJ017;MAJ004;MAJ005;MIN002,,17,16,14,0,,0,49.40304767871916,12511.485590548313,96.64956626555797,18.24484027089759,,,,,,,,,,,,,
TA023_MIN002_DK01_to_DB01,ta_coverage,DK01,DB01,True,TA coverage scenario through MIN002. Path found by ACO through an outer-zone waypoint.,7213;7214;8026;6728;7231;3996;3476;5292;5701;5292;3476;3996;7231;6728;8026;7214;7213;8533;4479;2956,DK01;MAJ005;MAJ004;MAJ017;MIN013;MAJ022;MIN018;MIN001;MIN002;MIN001;MIN018;MAJ022;MIN013;MAJ017;MAJ004;MAJ005;DK01;MIN005;MAJ011;DB01,DK;TN_major;TN_major;TN_major;TN_minor;TN_major;TN_minor;TN_minor;TN_minor;TN_minor;TN_minor;TN_major;TN_minor;TN_major;TN_major;TN_major;DK;TN_minor;TN_major;DB,MAJ005;MAJ004;MAJ017;MIN013;MAJ022;MIN018;MIN001;MIN002;MIN001;MIN018;MAJ022;MIN013;MAJ017;MAJ004;MAJ005;MIN005;MAJ011,,20,19,17,0,,0,61.50026086187223,14471.650176347262,82.85240710383059,18.24484027089759,,,,,,,,,,,,,
TA024_MIN003_DK01_to_DB01,ta_coverage,DK01,DB01,True,TA coverage scenario through MIN003. Path found by ACO through an outer-zone waypoint.,7213;7214;8026;6728;7231;3996;3476;5292;5701;6708;5701;5292;3476;3996;7231;6728;8026;7214;7213;8533;8141;4103;3058;2956,DK01;MAJ005;MAJ004;MAJ017;MIN013;MAJ022;MIN018;MIN001;MIN002;MIN003;MIN002;MIN001;MIN018;MAJ022;MIN013;MAJ017;MAJ004;MAJ005;DK01;MIN005;MIN015;MIN006;MAJ015;DB01,DK;TN_major;TN_major;TN_major;TN_minor;TN_major;TN_minor;TN_minor;TN_minor;TN_minor;TN_minor;TN_minor;TN_minor;TN_major;TN_minor;TN_major;TN_major;TN_major;DK;TN_minor;TN_minor;TN_minor;TN_major;DB,MAJ005;MAJ004;MAJ017;MIN013;MAJ022;MIN018;MIN001;MIN002;MIN003;MIN002;MIN001;MIN018;MAJ022;MIN013;MAJ017;MAJ004;MAJ005;MIN005;MIN015;MIN006;MAJ015,,24,23,21,0,,0,75.35213827154897,17072.410939119145,96.64956626555797,18.24484027089759,,,,,,,,,,,,,
TA025_MIN004_DK05_to_DB01,ta_coverage,DK05,DB01,True,TA coverage scenario through MIN004. Path found by ACO through an outer-zone waypoint.,9104;9105;9312;9105;9104;8026;7231;4103;3058;2956,DK05;MAJ013;MIN004;MAJ013;DK05;MAJ004;MIN013;MIN006;MAJ015;DB01,DK;TN_major;TN_minor;TN_major;DK;TN_major;TN_minor;TN_minor;TN_major;DB,MAJ013;MIN004;MAJ013;MAJ004;MIN013;MIN006;MAJ015,,10,9,7,0,MAJ013;MIN004;MAJ013,3,30.1009754902012,6588.9653706082745,80.62257748298549,50.0,,,,,,,,,,,,,
TA026_MIN005_DK01_to_DB01,ta_coverage,DK01,DB01,True,TA coverage scenario through MIN005. Path found by ACO through an outer-zone waypoint.,7213;7214;8533;7214;7213;8026;5292;3058;2956,DK01;MAJ005;MIN005;MAJ005;DK01;MAJ004;MIN001;MAJ015;DB01,DK;TN_major;TN_minor;TN_major;DK;TN_major;TN_minor;TN_major;DB,MAJ005;MIN005;MAJ005;MAJ004;MIN001;MAJ015,,9,8,6,0,,0,17.40909420471797,4721.820817761422,100.0,16.666666666666515,,,,,,,,,,,,,
TA027_MIN006_DK01_to_DB02,ta_coverage,DK01,DB02,True,TA coverage scenario through MIN006. Path found by ACO through an outer-zone waypoint.,7213;7214;8533;5615;4103;5615;8533;7214;7213;6728;3204;2711,DK01;MAJ005;MIN005;MAJ010;MIN006;MAJ010;MIN005;MAJ005;DK01;MAJ017;MAJ012;DB02,DK;TN_major;TN_minor;TN_major;TN_minor;TN_major;TN_minor;TN_major;DK;TN_major;TN_major;DB,MAJ005;MIN005;MAJ010;MIN006;MAJ010;MIN005;MAJ005;MAJ017;MAJ012,,12,11,9,0,,0,31.178419777005864,9678.270483448465,150.00000000000009,16.666666666666515,,,,,,,,,,,,,
TA028_MIN007_DK01_to_DB01,ta_coverage,DK01,DB01,True,TA coverage scenario through MIN007. Path found by ACO through an outer-zone waypoint.,7213;7214;8533;5615;4103;8141;8425;5693;8425;8141;4103;5615;8533;7214;7213;5292;2956,DK01;MAJ005;MIN005;MAJ010;MIN006;MIN015;MAJ008;MIN007;MAJ008;MIN015;MIN006;MAJ010;MIN005;MAJ005;DK01;MIN001;DB01,DK;TN_major;TN_minor;TN_major;TN_minor;TN_minor;TN_major;TN_minor;TN_major;TN_minor;TN_minor;TN_major;TN_minor;TN_major;DK;TN_minor;DB,MAJ005;MIN005;MAJ010;MIN006;MIN015;MAJ008;MIN007;MAJ008;MIN015;MIN006;MAJ010;MIN005;MAJ005;MIN001,,17,16,14,0,,0,52.75767040559717,17113.774912965553,100.0,16.666666666666515,,,,,,,,,,,,,
TA029_MIN008_DK01_to_DB02,ta_coverage,DK01,DB02,True,TA coverage scenario through MIN008. Path found by ACO through an outer-zone waypoint.,7213;7214;8533;5615;4103;8141;8425;5693;7231;3008;7231;5693;8425;8141;4103;5615;8533;7214;7213;8026;6728;3204;2711,DK01;MAJ005;MIN005;MAJ010;MIN006;MIN015;MAJ008;MIN007;MIN013;MIN008;MIN013;MIN007;MAJ008;MIN015;MIN006;MAJ010;MIN005;MAJ005;DK01;MAJ004;MAJ017;MAJ012;DB02,DK;TN_major;TN_minor;TN_major;TN_minor;TN_minor;TN_major;TN_minor;TN_minor;TN_minor;TN_minor;TN_minor;TN_major;TN_minor;TN_minor;TN_major;TN_minor;TN_major;DK;TN_major;TN_major;TN_major;DB,MAJ005;MIN005;MAJ010;MIN006;MIN015;MAJ008;MIN007;MIN013;MIN008;MIN013;MIN007;MAJ008;MIN015;MIN006;MAJ010;MIN005;MAJ005;MAJ004;MAJ017;MAJ012,,23,22,20,0,,0,73.92003305549908,26141.78439652297,150.00000000000009,16.666666666666515,,,,,,,,,,,,,
TA030_MIN009_DK02_to_DB01,ta_coverage,DK02,DB01,False,Failed leg1 (8086->8489): No ACO/Dijkstra path found.,,,,,,0,0,0,0,,0,inf,inf,,,,,,,,,,,,,,,
TA031_MIN010_DK04_to_DB01,ta_coverage,DK04,DB01,True,TA coverage scenario through MIN010. Path found by ACO through an outer-zone waypoint.,2329;2739;2329;4354;3058;2956,DK04;MIN010;DK04;MIN016;MAJ015;DB01,DK;TN_minor;DK;TN_minor;TN_major;DB,MIN010;MIN016;MAJ015,,6,5,3,0,MIN010;MIN016,2,22.265813136955554,2892.6440675675026,100.0,1724.0939649566667,,,,,,,,,,,,,
TA032_MIN011_DK04_to_DB01,ta_coverage,DK04,DB01,True,TA coverage scenario through MIN011. Path found by ACO through an outer-zone waypoint.,2329;2431;6073;2956;3865;2956,DK04;MAJ014;MIN017;DB01;MIN011;DB01,DK;TN_major;TN_minor;DB;TN_minor;DB,MAJ014;MIN017;MIN011,,6,5,3,0,MAJ014;MIN017,2,24.938385233747447,4496.274572377615,91.43973146174442,1614.0012391568973,,,,,,,,,,,,,
TA033_MIN012_DK01_to_DB01,ta_coverage,DK01,DB01,True,TA coverage scenario through MIN012. Path found by ACO through an outer-zone waypoint.,7213;7214;7208;7214;7213;6708;5292;2956,DK01;MAJ005;MIN012;MAJ005;DK01;MIN003;MIN001;DB01,DK;TN_major;TN_minor;TN_major;DK;TN_minor;TN_minor;DB,MAJ005;MIN012;MAJ005;MIN003;MIN001,,8,7,5,0,,0,17.89457856428729,2978.091262548838,100.0,492.44289008980525,,,,,,,,,,,,,
TA034_MIN013_DK01_to_DB02,ta_coverage,DK01,DB02,True,TA coverage scenario through MIN013. Path found by ACO through an outer-zone waypoint.,7213;7214;7208;7231;7208;7214;7213;6728;5615;2711,DK01;MAJ005;MIN012;MIN013;MIN012;MAJ005;DK01;MAJ017;MAJ010;DB02,DK;TN_major;TN_minor;TN_minor;TN_minor;TN_major;DK;TN_major;TN_major;DB,MAJ005;MIN012;MIN013;MIN012;MAJ005;MAJ017;MAJ010,,10,9,7,0,,0,24.70363900301027,6504.212372687027,180.27756377319946,226.69117514559093,,,,,,,,,,,,,
TA035_MIN014_DK01_to_DB02,ta_coverage,DK01,DB02,True,TA coverage scenario through MIN014. Path found by ACO through an outer-zone waypoint.,7213;7214;7208;7231;4103;3615;4103;7231;7208;7214;7213;6728;3204;2811;2711,DK01;MAJ005;MIN012;MIN013;MIN006;MIN014;MIN006;MIN013;MIN012;MAJ005;DK01;MAJ017;MAJ012;MAJ018;DB02,DK;TN_major;TN_minor;TN_minor;TN_minor;TN_minor;TN_minor;TN_minor;TN_minor;TN_major;DK;TN_major;TN_major;TN_major;DB,MAJ005;MIN012;MIN013;MIN006;MIN014;MIN006;MIN013;MIN012;MAJ005;MAJ017;MAJ012;MAJ018,,15,14,12,0,,0,41.81727715339635,11407.602527989888,111.80339887498948,30.217134831078532,,,,,,,,,,,,,
TA036_MIN015_DK03_to_DB02,ta_coverage,DK03,DB02,True,TA coverage scenario through MIN015. Path found by ACO through an outer-zone waypoint.,9253;8141;9151;9253;5615;2711,DK03;MIN015;MAJ019;DK03;MAJ010;DB02,DK;TN_minor;TN_major;DK;TN_major;DB,MIN015;MAJ019;MAJ010,,6,5,3,0,MAJ019,1,15.886987719507946,4840.1733386176775,180.27756377319946,226.69117514559093,,,,,,,,,,,,,
TA037_MIN018_DK01_to_DB01,ta_coverage,DK01,DB01,True,TA coverage scenario through MIN018. Path found by ACO through an outer-zone waypoint.,7213;7214;3476;7214;7213;8026;5292;3058;2956,DK01;MAJ005;MIN018;MAJ005;DK01;MAJ004;MIN001;MAJ015;DB01,DK;TN_major;TN_minor;TN_major;DK;TN_major;TN_minor;TN_major;DB,MAJ005;MIN018;MAJ005;MAJ004;MIN001;MAJ015,,9,8,6,0,,0,22.36443169769898,6991.389816098136,100.0,50.0,,,,,,,,,,,,,
TA038_MIN016_DK04_to_DB01,ta_coverage,DK04,DB01,True,TA coverage scenario through MIN016. Path found by ACO through an outer-zone waypoint.,2329;4354;2329;6073;3058;2956,DK04;MIN016;DK04;MIN017;MAJ015;DB01,DK;TN_minor;DK;TN_minor;TN_major;DB,MIN016;MIN017;MAJ015,,6,5,3,0,MIN016;MIN017,2,23.480831496745306,5692.1315124286,89.46447749561842,1721.796961051594,,,,,,,,,,,,,
TA039_MIN017_DK02_to_DB01,ta_coverage,DK02,DB01,False,Failed leg1 (8086->6073): No ACO/Dijkstra path found.,,,,,,0,0,0,0,,0,inf,inf,,,,,,,,,,,,,,,
TA040_MIN019_DK04_to_DB02,ta_coverage,DK04,DB02,False,Failed leg1 (2329->477): No ACO/Dijkstra path found.,,,,,,0,0,0,0,,0,inf,inf,,,,,,,,,,,,,,,
TA041_MIN020_DK04_to_DB01,ta_coverage,DK04,DB01,True,TA coverage scenario through MIN020. Path found by ACO through an outer-zone waypoint.,2329;2431;4354;3865;1555;3865;4354;4046;2431;2329;6073;2956,DK04;MAJ014;MIN016;MIN011;MIN020;MIN011;MIN016;MAJ020;MAJ014;DK04;MIN017;DB01,DK;TN_major;TN_minor;TN_minor;TN_minor;TN_minor;TN_minor;TN_major;TN_major;DK;TN_minor;DB,MAJ014;MIN016;MIN011;MIN020;MIN011;MIN016;MAJ020;MAJ014;MIN017,,12,11,9,0,MAJ014;MIN016;MIN016;MAJ020;MAJ014;MIN017,6,53.12595665447552,10107.180917715394,91.43973146174442,1570.9315035200339,,,,,,,,,,,,,
TA042_MIN021_DK01_to_DB02,ta_coverage,DK01,DB02,False,Failed leg1 (7213->589): No ACO/Dijkstra path found.,,,,,,0,0,0,0,,0,inf,inf,,,,,,,,,,,,,,,
TA043_MIN022_DK04_to_DB01,ta_coverage,DK04,DB01,True,TA coverage scenario through MIN022. Path found by ACO through an outer-zone waypoint.,2329;4046;3865;1955;3865;4046;2431;2329;6073;2956,DK04;MAJ020;MIN011;MIN022;MIN011;MAJ020;MAJ014;DK04;MIN017;DB01,DK;TN_major;TN_minor;TN_minor;TN_minor;TN_major;TN_major;DK;TN_minor;DB,MAJ020;MIN011;MIN022;MIN011;MAJ020;MAJ014;MIN017,,10,9,7,0,MAJ020;MAJ020;MAJ014;MIN017,4,44.55881650797498,9517.705743894256,91.43973146174442,1593.5335495538582,,,,,,,,,,,,,
DK01_to_DB01_forward_forced_to_FLZ01_FLZ_branch,flz_branch,DK01,DB01,True,FLZ branch for DK01_to_DB01_forward_forced; attach_node=3615; parent_direction=forward.,3615;3406,MIN014;FLZ01,TN_minor;FLZ,MIN014,FLZ01,2,1,1,1,,0,5.1448238509132524,364.0054944640259,111.80339887498948,0.0,,,,,,,,,,,,,
DB01_to_DK01_backward_to_FLZ01_FLZ_branch,flz_branch,DK01,DB01,True,FLZ branch for DB01_to_DK01_backward; attach_node=3615; parent_direction=backward.,3615;2711;2811;3406,MIN014;DB02;MAJ018;FLZ01,TN_minor;DB;TN_major;FLZ,MIN014;MAJ018,FLZ01,4,3,2,1,,0,6.929984695148096,1211.9903894750883,111.80339887498948,0.0,,,,,,,,,,,,,
DK01_to_DB01_outer_backup_to_FLZ03_FLZ_branch,flz_branch,DK01,DB01,True,FLZ branch for DK01_to_DB01_outer_backup; attach_node=8026; parent_direction=outer_backup.,8026;7214;7213;6708;8141;6291;8127,MAJ004;MAJ005;DK01;MIN003;MIN015;MAJ016;FLZ03,TN_major;TN_major;DK;TN_minor;TN_minor;TN_major;FLZ,MAJ004;MAJ005;MIN003;MIN015;MAJ016,FLZ03,7,6,5,1,,0,10.294914446278712,5035.80414882492,100.0,0.0,,,,,,,,,,,,,
DK01_to_DB02_forward_to_FLZ01_FLZ_branch,flz_branch,DK01,DB02,True,FLZ branch for DK01_to_DB02_forward; attach_node=3615; parent_direction=forward.,3615;2711;2811;4103;3204;3406,MIN014;DB02;MAJ018;MIN006;MAJ012;FLZ01,TN_minor;DB;TN_major;TN_minor;TN_major;FLZ,MIN014;MAJ018;MIN006;MAJ012,FLZ01,6,5,4,1,,0,9.508959567856179,2593.082291044537,111.80339887498948,0.0,,,,,,,,,,,,,
DB02_to_DK01_backward_to_FLZ01_FLZ_branch,flz_branch,DK01,DB02,True,FLZ branch for DB02_to_DK01_backward; attach_node=3008; parent_direction=backward.,3008;3996;5615;3406,MIN008;MAJ022;MAJ010;FLZ01,TN_minor;TN_major;TN_major;FLZ,MIN008;MAJ022;MAJ010,FLZ01,4,3,3,1,,0,8.319381735753312,3299.9388610825063,141.32957384392878,0.0,,,,,,,,,,,,,
DK01_to_DB02_outer_backup_to_FLZ01_FLZ_branch,flz_branch,DK01,DB02,True,FLZ branch for DK01_to_DB02_outer_backup; attach_node=3204; parent_direction=outer_backup.,3204;3996;5615;3406,MAJ012;MAJ022;MAJ010;FLZ01,TN_major;TN_major;TN_major;FLZ,MAJ012;MAJ022;MAJ010,FLZ01,4,3,3,1,,0,8.208360581880779,2986.061454722965,141.32957384392878,0.0,,,,,,,,,,,,,
DK03_to_DB01_forward_to_FLZ04_FLZ_branch,flz_branch,DK03,DB01,True,FLZ branch for DK03_to_DB01_forward; attach_node=4103; parent_direction=forward.,4103;3204;3996;5615;3406;4805,MIN006;MAJ012;MAJ022;MAJ010;FLZ01;FLZ04,TN_minor;TN_major;TN_major;TN_major;FLZ;FLZ,MIN006;MAJ012;MAJ022;MAJ010,FLZ01;FLZ04,6,5,4,2,,0,17.05991449660392,4684.65688351081,141.32957384392878,0.0,,,,,,,,,,,,,
DB01_to_DK03_backward_to_FLZ04_FLZ_branch,flz_branch,DK03,DB01,True,FLZ branch for DB01_to_DK03_backward; attach_node=4103; parent_direction=backward.,4103;3204;3996;5615;3406;4805,MIN006;MAJ012;MAJ022;MAJ010;FLZ01;FLZ04,TN_minor;TN_major;TN_major;TN_major;FLZ;FLZ,MIN006;MAJ012;MAJ022;MAJ010,FLZ01;FLZ04,6,5,4,2,,0,17.05991449660392,4684.65688351081,141.32957384392878,0.0,,,,,,,,,,,,,
DK03_to_DB01_outer_backup_to_FLZ04_FLZ_branch,flz_branch,DK03,DB01,True,FLZ branch for DK03_to_DB01_outer_backup; attach_node=4103; parent_direction=outer_backup.,4103;3204;3996;5615;3406;4805,MIN006;MAJ012;MAJ022;MAJ010;FLZ01;FLZ04,TN_minor;TN_major;TN_major;TN_major;FLZ;FLZ,MIN006;MAJ012;MAJ022;MAJ010,FLZ01;FLZ04,6,5,4,2,,0,17.05991449660392,4684.65688351081,141.32957384392878,0.0,,,,,,,,,,,,,
DK03_to_DB02_forward_to_FLZ04_FLZ_branch,flz_branch,DK03,DB02,True,FLZ branch for DK03_to_DB02_forward; attach_node=4494; parent_direction=forward.,4494;3996;5615;3406;4805,MAJ003;MAJ022;MAJ010;FLZ01;FLZ04,TN_major;TN_major;TN_major;FLZ;FLZ,MAJ003;MAJ022;MAJ010,FLZ01;FLZ04,5,4,3,2,,0,15.771212029128057,3547.66475350934,100.0,0.0,,,,,,,,,,,,,
DB02_to_DK03_backward_to_FLZ04_FLZ_branch,flz_branch,DK03,DB02,True,FLZ branch for DB02_to_DK03_backward; attach_node=4494; parent_direction=backward.,4494;3996;5615;3406;4805,MAJ003;MAJ022;MAJ010;FLZ01;FLZ04,TN_major;TN_major;TN_major;FLZ;FLZ,MAJ003;MAJ022;MAJ010,FLZ01;FLZ04,5,4,3,2,,0,15.771212029128057,3547.66475350934,100.0,0.0,,,,,,,,,,,,,
DK03_to_DB02_outer_backup_to_FLZ01_FLZ_branch,flz_branch,DK03,DB02,True,FLZ branch for DK03_to_DB02_outer_backup; attach_node=3204; parent_direction=outer_backup.,3204;5615;3406,MAJ012;MAJ010;FLZ01,TN_major;TN_major;FLZ,MAJ012;MAJ010,FLZ01,3,2,2,1,,0,6.719029891426333,2642.427640313682,223.60679774997897,0.0,,,,,,,,,,,,,
DK04_to_DB01_forward_forced_to_FLZ01_FLZ_branch,flz_branch,DK04,DB01,True,FLZ branch for DK04_to_DB01_forward_forced; attach_node=3204; parent_direction=forward.,3204;3996;5615;3406,MAJ012;MAJ022;MAJ010;FLZ01,TN_major;TN_major;TN_major;FLZ,MAJ012;MAJ022;MAJ010,FLZ01,4,3,3,1,,0,8.208360581880779,2986.061454722965,141.32957384392878,0.0,,,,,,,,,,,,,
DB01_to_DK04_backward_to_FLZ01_FLZ_branch,flz_branch,DK04,DB01,True,FLZ branch for DB01_to_DK04_backward; attach_node=3204; parent_direction=backward.,3204;3996;5615;3406,MAJ012;MAJ022;MAJ010;FLZ01,TN_major;TN_major;TN_major;FLZ,MAJ012;MAJ022;MAJ010,FLZ01,4,3,3,1,,0,8.208360581880779,2986.061454722965,141.32957384392878,0.0,,,,,,,,,,,,,
DK04_to_DB01_outer_backup_forced_to_FLZ04_FLZ_branch,flz_branch,DK04,DB01,True,FLZ branch for DK04_to_DB01_outer_backup_forced; attach_node=3476; parent_direction=outer_backup.,3476;4805,MIN018;FLZ04,TN_minor;FLZ,MIN018,FLZ04,2,1,1,1,,0,5.131718602360247,1030.7764064044152,120.49124694171431,0.0,,,,,,,,,,,,,
DK04_to_DB02_forward_to_FLZ01_FLZ_branch,flz_branch,DK04,DB02,True,FLZ branch for DK04_to_DB02_forward; attach_node=2811; parent_direction=forward.,2811;2711;3008;3996;3865;3406,MAJ018;DB02;MIN008;MAJ022;MIN011;FLZ01,TN_major;DB;TN_minor;TN_major;TN_minor;FLZ,MAJ018;MIN008;MAJ022;MIN011,FLZ01,6,5,4,1,,0,10.708337347230037,5428.805634335298,119.94887246419717,0.0,,,,,,,,,,,,,
DB02_to_DK04_backward_to_FLZ01_FLZ_branch,flz_branch,DK04,DB02,True,FLZ branch for DB02_to_DK04_backward; attach_node=2811; parent_direction=backward.,2811;2711;3008;3996;3865;3406,MAJ018;DB02;MIN008;MAJ022;MIN011;FLZ01,TN_major;DB;TN_minor;TN_major;TN_minor;FLZ,MAJ018;MIN008;MAJ022;MIN011,FLZ01,6,5,4,1,,0,10.708337347230037,5428.805634335298,119.94887246419717,0.0,,,,,,,,,,,,,
DK04_to_DB02_outer_backup_to_FLZ04_FLZ_branch,flz_branch,DK04,DB02,True,FLZ branch for DK04_to_DB02_outer_backup; attach_node=3996; parent_direction=outer_backup.,3996;3865;3406;4805,MAJ022;MIN011;FLZ01;FLZ04,TN_major;TN_minor;FLZ;FLZ,MAJ022;MIN011,FLZ01;FLZ04,4,3,2,2,,0,14.77272346701303,4840.294388666378,119.94887246419717,0.0,,,,,,,,,,,,,
DK05_to_DB01_forward_forced_to_FLZ03_FLZ_branch,flz_branch,DK05,DB01,True,FLZ branch for DK05_to_DB01_forward_forced; attach_node=8533; parent_direction=forward.,8533;8026;7214;7213;6708;8141;6728;8425;8127,MIN005;MAJ004;MAJ005;DK01;MIN003;MIN015;MAJ017;MAJ008;FLZ03,TN_minor;TN_major;TN_major;DK;TN_minor;TN_minor;TN_major;TN_major;FLZ,MIN005;MAJ004;MAJ005;MIN003;MIN015;MAJ017;MAJ008,FLZ03,9,8,7,1,,0,10.797487088582361,4502.285719941121,360.5551275463989,0.0,,,,,,,,,,,,,
DB01_to_DK05_backward_to_FLZ03_FLZ_branch,flz_branch,DK05,DB01,True,FLZ branch for DB01_to_DK05_backward; attach_node=8533; parent_direction=backward.,8533;8026;7214;7213;6708;8141;6728;8425;8127,MIN005;MAJ004;MAJ005;DK01;MIN003;MIN015;MAJ017;MAJ008;FLZ03,TN_minor;TN_major;TN_major;DK;TN_minor;TN_minor;TN_major;TN_major;FLZ,MIN005;MAJ004;MAJ005;MIN003;MIN015;MAJ017;MAJ008,FLZ03,9,8,7,1,,0,10.797487088582361,4502.285719941121,360.5551275463989,0.0,,,,,,,,,,,,,
DK05_to_DB01_outer_backup_forced_to_FLZ03_FLZ_branch,flz_branch,DK05,DB01,True,FLZ branch for DK05_to_DB01_outer_backup_forced; attach_node=8425; parent_direction=outer_backup.,8425;8127,MAJ008;FLZ03,TN_major;FLZ,MAJ008,FLZ03,2,1,1,1,,0,4.327928326794643,291.547594742265,360.5551275463989,0.0,,,,,,,,,,,,,
DK05_to_DB02_forward_to_FLZ03_FLZ_branch,flz_branch,DK05,DB02,True,FLZ branch for DK05_to_DB02_forward; attach_node=8533; parent_direction=forward.,8533;8943;7208;9253;9151;5701;6291;8127,MIN005;MAJ009;MIN012;DK03;MAJ019;MIN002;MAJ016;FLZ03,TN_minor;TN_major;TN_minor;DK;TN_major;TN_minor;TN_major;FLZ,MIN005;MAJ009;MIN012;MAJ019;MIN002;MAJ016,FLZ03,8,7,6,1,MAJ009;MAJ019,2,13.88408473323479,7276.010708810393,100.0,0.0,,,,,,,,,,,,,
DB02_to_DK05_backward_to_FLZ03_FLZ_branch,flz_branch,DK05,DB02,True,FLZ branch for DB02_to_DK05_backward; attach_node=8533; parent_direction=backward.,8533;8943;7208;9253;9151;5701;6291;8127,MIN005;MAJ009;MIN012;DK03;MAJ019;MIN002;MAJ016;FLZ03,TN_minor;TN_major;TN_minor;DK;TN_major;TN_minor;TN_major;FLZ,MIN005;MAJ009;MIN012;MAJ019;MIN002;MAJ016,FLZ03,8,7,6,1,MAJ009;MAJ019,2,13.88408473323479,7276.010708810393,100.0,0.0,,,,,,,,,,,,,
DK05_to_DB02_outer_backup_to_FLZ04_FLZ_branch,flz_branch,DK05,DB02,True,FLZ branch for DK05_to_DB02_outer_backup; attach_node=4103; parent_direction=outer_backup.,4103;1955;4805,MIN006;MIN022;FLZ04,TN_minor;TN_minor;FLZ,MIN006;MIN022,FLZ04,3,2,2,1,,0,7.423791808956255,3490.7125191251926,111.80339887498948,0.0,,,,,,,,,,,,,
DK06_to_DB01_forward_forced_to_FLZ03_FLZ_branch,flz_branch,DK06,DB01,True,FLZ branch for DK06_to_DB01_forward_forced; attach_node=8425; parent_direction=forward.,8425;5701;7214;7213;8533;6291;8127,MAJ008;MIN002;MAJ005;DK01;MIN005;MAJ016;FLZ03,TN_major;TN_minor;TN_major;DK;TN_minor;TN_major;FLZ,MAJ008;MIN002;MAJ005;MIN005;MAJ016,FLZ03,7,6,5,1,,0,11.503306538118625,5662.585302120997,100.0,0.0,,,,,,,,,,,,,
DB01_to_DK06_backward_to_FLZ03_FLZ_branch,flz_branch,DK06,DB01,True,FLZ branch for DB01_to_DK06_backward; attach_node=8533; parent_direction=backward.,8533;8141;8943;6291;8127,MIN005;MIN015;MAJ009;MAJ016;FLZ03,TN_minor;TN_minor;TN_major;TN_major;FLZ,MIN005;MIN015;MAJ009;MAJ016,FLZ03,5,4,4,1,MAJ009,1,9.945839324015433,4243.7253692544855,100.0,0.0,,,,,,,,,,,,,
DK06_to_DB01_outer_backup_to_FLZ04_FLZ_branch,flz_branch,DK06,DB01,True,FLZ branch for DK06_to_DB01_outer_backup; attach_node=4103; parent_direction=outer_backup.,4103;2711;2811;3008;4805,MIN006;DB02;MAJ018;MIN008;FLZ04,TN_minor;DB;TN_major;TN_minor;FLZ,MIN006;MAJ018;MIN008,FLZ04,5,4,3,1,,0,8.496169558651694,3026.7410681098427,141.4213562373095,0.0,,,,,,,,,,,,,
DK06_to_DB02_forward_to_FLZ03_FLZ_branch,flz_branch,DK06,DB02,True,FLZ branch for DK06_to_DB02_forward; attach_node=8533; parent_direction=forward.,8533;8127,MIN005;FLZ03,TN_minor;FLZ,MIN005,FLZ03,2,1,1,1,,0,4.191271523034061,223.60679774997897,452.76925690687085,0.0,,,,,,,,,,,,,
DB02_to_DK06_backward_to_FLZ03_FLZ_branch,flz_branch,DK06,DB02,True,FLZ branch for DB02_to_DK06_backward; attach_node=8533; parent_direction=backward.,8533;8127,MIN005;FLZ03,TN_minor;FLZ,MIN005,FLZ03,2,1,1,1,,0,4.191271523034061,223.60679774997897,452.76925690687085,0.0,,,,,,,,,,,,,
DK06_to_DB02_outer_backup_to_FLZ04_FLZ_branch,flz_branch,DK06,DB02,True,FLZ branch for DK06_to_DB02_outer_backup; attach_node=5615; parent_direction=outer_backup.,5615;3204;7231;8026;7213;7214;9151;9253;7208;3476;1955;4805,MAJ010;MAJ012;MIN013;MAJ004;DK01;MAJ005;MAJ019;DK03;MIN012;MIN018;MIN022;FLZ04,TN_major;TN_major;TN_minor;TN_major;DK;TN_major;TN_major;DK;TN_minor;TN_minor;TN_minor;FLZ,MAJ010;MAJ012;MIN013;MAJ004;MAJ005;MAJ019;MIN012;MIN018;MIN022,FLZ04,12,11,9,1,MAJ019,1,17.32244357468918,12187.780966716662,111.80339887498948,0.0,,,,,,,,,,,,,
TA001_MAJ013_DK05_to_DB01_to_FLZ03_FLZ_branch,flz_branch,DK05,DB01,True,FLZ branch for TA001_MAJ013_DK05_to_DB01; attach_node=8425; parent_direction=ta_coverage.,8425;8026;7213;7214;5693;5292;8127,MAJ008;MAJ004;DK01;MAJ005;MIN007;MIN001;FLZ03,TN_major;TN_major;DK;TN_major;TN_minor;TN_minor;FLZ,MAJ008;MAJ004;MAJ005;MIN007;MIN001,FLZ03,7,6,5,1,,0,10.202101106068039,3342.7169585108295,250.0,0.0,,,,,,,,,,,,,
TA002_MAJ018_DK01_to_DB02_to_FLZ03_FLZ_branch,flz_branch,DK01,DB02,True,FLZ branch for TA002_MAJ018_DK01_to_DB02; attach_node=8026; parent_direction=ta_coverage.,8026;8425;8533;8141;9104;9105;8127,MAJ004;MAJ008;MIN005;MIN015;DK05;MAJ013;FLZ03,TN_major;TN_major;TN_minor;TN_minor;DK;TN_major;FLZ,MAJ004;MAJ008;MIN005;MIN015;MAJ013,FLZ03,7,6,5,1,MAJ013,1,11.14640789183591,5435.073351269406,113.60710538722346,0.0,,,,,,,,,,,,,
TA003_MAJ015_DK04_to_DB01_to_FLZ04_FLZ_branch,flz_branch,DK04,DB01,True,FLZ branch for TA003_MAJ015_DK04_to_DB01; attach_node=3058; parent_direction=ta_coverage.,3058;2956;1555;1955;4805,MAJ015;DB01;MIN020;MIN022;FLZ04,TN_major;DB;TN_minor;TN_minor;FLZ,MAJ015;MIN020;MIN022,FLZ04,5,4,3,1,,0,10.783272049427062,3089.2514307968995,86.7827747885489,0.0,,,,,,,,,,,,,
TA004_MAJ019_DK03_to_DB02_to_FLZ04_FLZ_branch,flz_branch,DK03,DB02,True,FLZ branch for TA004_MAJ019_DK03_to_DB02; attach_node=5615; parent_direction=ta_coverage.,5615;2811;2711;4805,MAJ010;MAJ018;DB02;FLZ04,TN_major;TN_major;DB;FLZ,MAJ010;MAJ018,FLZ04,4,3,2,1,,0,9.57892182551021,3624.882707225939,141.4213562373095,0.0,,,,,,,,,,,,,
TA005_MAJ004_DK01_to_DB01_to_FLZ03_FLZ_branch,flz_branch,DK01,DB01,True,FLZ branch for TA005_MAJ004_DK01_to_DB01; attach_node=8026; parent_direction=ta_coverage.,8026;7231;4103;3996;3476;5292;8127,MAJ004;MIN013;MIN006;MAJ022;MIN018;MIN001;FLZ03,TN_major;TN_minor;TN_minor;TN_major;TN_minor;TN_minor;FLZ,MAJ004;MIN013;MIN006;MAJ022;MIN018;MIN001,FLZ03,7,6,6,1,,0,12.09446853230308,5763.79105070036,279.76229930809086,0.0,,,,,,,,,,,,,
TA006_MAJ014_DK04_to_DB01_to_FLZ04_FLZ_branch,flz_branch,DK04,DB01,True,FLZ branch for TA006_MAJ014_DK04_to_DB01; attach_node=3058; parent_direction=ta_coverage.,3058;2956;5292;3476;3996;4103;7231;8026;7213;7214;6728;9151;9253;5615;3615;3204;3008;2811;2711;4805,MAJ015;DB01;MIN001;MIN018;MAJ022;MIN006;MIN013;MAJ004;DK01;MAJ005;MAJ017;MAJ019;DK03;MAJ010;MIN014;MAJ012;MIN008;MAJ018;DB02;FLZ04,TN_major;DB;TN_minor;TN_minor;TN_major;TN_minor;TN_minor;TN_major;DK;TN_major;TN_major;TN_major;DK;TN_major;TN_minor;TN_major;TN_minor;TN_major;DB;FLZ,MAJ015;MIN001;MIN018;MAJ022;MIN006;MIN013;MAJ004;MAJ005;MAJ017;MAJ019;MAJ010;MIN014;MAJ012;MIN008;MAJ018,FLZ04,20,19,15,1,MAJ019,1,29.9536095616652,14474.756235763405,100.0,0.0,,,,,,,,,,,,,
TA007_MAJ005_DK01_to_DB01_to_FLZ03_FLZ_branch,flz_branch,DK01,DB01,True,FLZ branch for TA007_MAJ005_DK01_to_DB01; attach_node=7214; parent_direction=ta_coverage.,7214;7213;8026;7231;4103;3996;3476;5292;2956;3058;4494;1955;5693;8141;6708;8943;7208;5701;6291;8127,MAJ005;DK01;MAJ004;MIN013;MIN006;MAJ022;MIN018;MIN001;DB01;MAJ015;MAJ003;MIN022;MIN007;MIN015;MIN003;MAJ009;MIN012;MIN002;MAJ016;FLZ03,TN_major;DK;TN_major;TN_minor;TN_minor;TN_major;TN_minor;TN_minor;DB;TN_major;TN_major;TN_minor;TN_minor;TN_minor;TN_minor;TN_major;TN_minor;TN_minor;TN_major;FLZ,MAJ005;MAJ004;MIN013;MIN006;MAJ022;MIN018;MIN001;MAJ015;MAJ003;MIN022;MIN007;MIN015;MIN003;MAJ009;MIN012;MIN002;MAJ016,FLZ03,20,19,17,1,MAJ009,1,32.37769307081747,19191.19551124801,100.0,0.0,,,,,,,,,,,,,
TA009_MAJ003_DK01_to_DB01_to_FLZ03_FLZ_branch,flz_branch,DK01,DB01,True,FLZ branch for TA009_MAJ003_DK01_to_DB01; attach_node=8026; parent_direction=ta_coverage.,8026;7213;7214;7208;5701;6291;8127,MAJ004;DK01;MAJ005;MIN012;MIN002;MAJ016;FLZ03,TN_major;DK;TN_major;TN_minor;TN_minor;TN_major;FLZ,MAJ004;MAJ005;MIN012;MIN002;MAJ016,FLZ03,7,6,5,1,,0,11.288627995012181,3798.891637270369,100.0,0.0,,,,,,,,,,,,,
TA010_MAJ007_DK06_to_DB01_to_FLZ04_FLZ_branch,flz_branch,DK06,DB01,True,FLZ branch for TA010_MAJ007_DK06_to_DB01; attach_node=3996; parent_direction=ta_coverage.,3996;4103;3615;4805,MAJ022;MIN006;MIN014;FLZ04,TN_major;TN_minor;TN_minor;FLZ,MAJ022;MIN006;MIN014,FLZ04,4,3,3,1,,0,8.46763581527173,2443.136792462545,111.80339887498948,0.0,,,,,,,,,,,,,
TA011_MAJ006_DK06_to_DB01_to_FLZ03_FLZ_branch,flz_branch,DK06,DB01,True,FLZ branch for TA011_MAJ006_DK06_to_DB01; attach_node=8026; parent_direction=ta_coverage.,8026;8533;8425;5693;6728;6291;8127,MAJ004;MIN005;MAJ008;MIN007;MAJ017;MAJ016;FLZ03,TN_major;TN_minor;TN_major;TN_minor;TN_major;TN_major;FLZ,MAJ004;MIN005;MAJ008;MIN007;MAJ017;MAJ016,FLZ03,7,6,6,1,,0,12.748522572087714,6276.925074503475,100.0,0.0,,,,,,,,,,,,,
TA013_MAJ008_DK06_to_DB01_to_FLZ03_FLZ_branch,flz_branch,DK06,DB01,True,FLZ branch for TA013_MAJ008_DK06_to_DB01; attach_node=8425; parent_direction=ta_coverage.,8425;8533;8026;7214;7213;8943;6291;8127,MAJ008;MIN005;MAJ004;MAJ005;DK01;MAJ009;MAJ016;FLZ03,TN_major;TN_minor;TN_major;TN_major;DK;TN_major;TN_major;FLZ,MAJ008;MIN005;MAJ004;MAJ005;MAJ009;MAJ016,FLZ03,8,7,6,1,MAJ009,1,10.993766204927372,5301.341791622402,100.0,0.0,,,,,,,,,,,,,
TA014_MAJ017_DK01_to_DB02_to_FLZ03_FLZ_branch,flz_branch,DK01,DB02,True,FLZ branch for TA014_MAJ017_DK01_to_DB02; attach_node=8026; parent_direction=ta_coverage.,8026;7214;7213;8943;6291;8127,MAJ004;MAJ005;DK01;MAJ009;MAJ016;FLZ03,TN_major;TN_major;DK;TN_major;TN_major;FLZ,MAJ004;MAJ005;MAJ009;MAJ016,FLZ03,6,5,4,1,MAJ009,1,9.126416053382446,4678.530160672402,100.0,0.0,,,,,,,,,,,,,
TA015_MAJ010_DK01_to_DB02_to_FLZ01_FLZ_branch,flz_branch,DK01,DB02,True,FLZ branch for TA015_MAJ010_DK01_to_DB02; attach_node=3204; parent_direction=ta_coverage.,3204;3615;3406,MAJ012;MIN014;FLZ01,TN_major;TN_minor;FLZ,MAJ012;MIN014,FLZ01,3,2,2,1,,0,6.879208404640235,767.1183818789534,111.80339887498948,0.0,,,,,,,,,,,,,
TA016_MAJ011_DK01_to_DB01_to_FLZ03_FLZ_branch,flz_branch,DK01,DB01,True,FLZ branch for TA016_MAJ011_DK01_to_DB01; attach_node=8026; parent_direction=ta_coverage.,8026;7231;6728;9151;9253;5292;6291;8127,MAJ004;MIN013;MAJ017;MAJ019;DK03;MIN001;MAJ016;FLZ03,TN_major;TN_minor;TN_major;TN_major;DK;TN_minor;TN_major;FLZ,MAJ004;MIN013;MAJ017;MAJ019;MIN001;MAJ016,FLZ03,8,7,6,1,MAJ019,1,12.991593479655375,6559.1839707710205,100.0,0.0,,,,,,,,,,,,,
TA017_MAJ012_DK01_to_DB02_to_FLZ01_FLZ_branch,flz_branch,DK01,DB02,True,FLZ branch for TA017_MAJ012_DK01_to_DB02; attach_node=3204; parent_direction=ta_coverage.,3204;3406,MAJ012;FLZ01,TN_major;FLZ,MAJ012,FLZ01,2,1,1,1,,0,4.539023009062812,100.0,380.7886552931954,0.0,,,,,,,,,,,,,
TA018_MAJ020_DK04_to_DB01_to_FLZ04_FLZ_branch,flz_branch,DK04,DB01,True,FLZ branch for TA018_MAJ020_DK04_to_DB01; attach_node=2956; parent_direction=ta_coverage.,2956;4494;3615;3476;7214;7213;8026;8533;8425;8141;4805,DB01;MAJ003;MIN014;MIN018;MAJ005;DK01;MAJ004;MIN005;MAJ008;MIN015;FLZ04,DB;TN_major;TN_minor;TN_minor;TN_major;DK;TN_major;TN_minor;TN_major;TN_minor;FLZ,MAJ003;MIN014;MIN018;MAJ005;MAJ004;MIN005;MAJ008;MIN015,FLZ04,11,10,8,1,,0,16.726120146849592,10453.416374532662,100.0,0.0,,,,,,,,,,,,,
TA019_MAJ016_DK01_to_DB01_to_FLZ03_FLZ_branch,flz_branch,DK01,DB01,True,FLZ branch for TA019_MAJ016_DK01_to_DB01; attach_node=7214; parent_direction=ta_coverage.,7214;7213;8026;8533;5292;3058;2956;1555;4479;3008;3204;6728;8127,MAJ005;DK01;MAJ004;MIN005;MIN001;MAJ015;DB01;MIN020;MAJ011;MIN008;MAJ012;MAJ017;FLZ03,TN_major;DK;TN_major;TN_minor;TN_minor;TN_major;DB;TN_minor;TN_major;TN_minor;TN_major;TN_major;FLZ,MAJ005;MAJ004;MIN005;MIN001;MAJ015;MIN020;MAJ011;MIN008;MAJ012;MAJ017,FLZ03,13,12,10,1,,0,19.92173883552266,11704.247438304503,86.7827747885489,0.0,,,,,,,,,,,,,
TA020_MAJ009_DK03_to_DB01_to_FLZ03_FLZ_branch,flz_branch,DK03,DB01,True,FLZ branch for TA020_MAJ009_DK03_to_DB01; attach_node=8943; parent_direction=ta_coverage.,8943;7208;9253;9151;6291;8127,MAJ009;MIN012;DK03;MAJ019;MAJ016;FLZ03,TN_major;TN_minor;DK;TN_major;TN_major;FLZ,MAJ009;MIN012;MAJ019;MAJ016,FLZ03,6,5,4,1,MAJ009;MAJ019,2,10.262553002600672,6308.254946473578,100.0,0.0,,,,,,,,,,,,,
TA021_MAJ022_DK01_to_DB02_to_FLZ03_FLZ_branch,flz_branch,DK01,DB02,True,FLZ branch for TA021_MAJ022_DK01_to_DB02; attach_node=8026; parent_direction=ta_coverage.,8026;6728;8127,MAJ004;MAJ017;FLZ03,TN_major;TN_major;FLZ,MAJ004;MAJ017,FLZ03,3,2,2,1,,0,5.369206819684195,2018.3858884981198,509.9019513592785,0.0,,,,,,,,,,,,,
TA022_MIN001_DK01_to_DB01_to_FLZ03_FLZ_branch,flz_branch,DK01,DB01,True,FLZ branch for TA022_MIN001_DK01_to_DB01; attach_node=8026; parent_direction=ta_coverage.,8026;6728;8127,MAJ004;MAJ017;FLZ03,TN_major;TN_major;FLZ,MAJ004;MAJ017,FLZ03,3,2,2,1,,0,5.369206819684195,2018.3858884981198,509.9019513592785,0.0,,,,,,,,,,,,,
TA023_MIN002_DK01_to_DB01_to_FLZ03_FLZ_branch,flz_branch,DK01,DB01,True,FLZ branch for TA023_MIN002_DK01_to_DB01; attach_node=8026; parent_direction=ta_coverage.,8026;6728;8127,MAJ004;MAJ017;FLZ03,TN_major;TN_major;FLZ,MAJ004;MAJ017,FLZ03,3,2,2,1,,0,5.369206819684195,2018.3858884981198,509.9019513592785,0.0,,,,,,,,,,,,,
TA024_MIN003_DK01_to_DB01_to_FLZ03_FLZ_branch,flz_branch,DK01,DB01,True,FLZ branch for TA024_MIN003_DK01_to_DB01; attach_node=8026; parent_direction=ta_coverage.,8026;6728;8127,MAJ004;MAJ017;FLZ03,TN_major;TN_major;FLZ,MAJ004;MAJ017,FLZ03,3,2,2,1,,0,5.369206819684195,2018.3858884981198,509.9019513592785,0.0,,,,,,,,,,,,,
TA025_MIN004_DK05_to_DB01_to_FLZ03_FLZ_branch,flz_branch,DK05,DB01,True,FLZ branch for TA025_MIN004_DK05_to_DB01; attach_node=8026; parent_direction=ta_coverage.,8026;6728;8127,MAJ004;MAJ017;FLZ03,TN_major;TN_major;FLZ,MAJ004;MAJ017,FLZ03,3,2,2,1,,0,5.369206819684195,2018.3858884981198,509.9019513592785,0.0,,,,,,,,,,,,,
TA026_MIN005_DK01_to_DB01_to_FLZ03_FLZ_branch,flz_branch,DK01,DB01,True,FLZ branch for TA026_MIN005_DK01_to_DB01; attach_node=8026; parent_direction=ta_coverage.,8026;6728;8127,MAJ004;MAJ017;FLZ03,TN_major;TN_major;FLZ,MAJ004;MAJ017,FLZ03,3,2,2,1,,0,5.369206819684195,2018.3858884981198,509.9019513592785,0.0,,,,,,,,,,,,,
TA027_MIN006_DK01_to_DB02_to_FLZ01_FLZ_branch,flz_branch,DK01,DB02,True,FLZ branch for TA027_MIN006_DK01_to_DB02; attach_node=3204; parent_direction=ta_coverage.,3204;3996;1555;4494;2711;2811;3008;3615;3406,MAJ012;MAJ022;MIN020;MAJ003;DB02;MAJ018;MIN008;MIN014;FLZ01,TN_major;TN_major;TN_minor;TN_major;DB;TN_major;TN_minor;TN_minor;FLZ,MAJ012;MAJ022;MIN020;MAJ003;MAJ018;MIN008;MIN014,FLZ01,9,8,7,1,,0,16.194130793717896,6874.736877872746,82.07381501496761,0.0,,,,,,,,,,,,,
TA028_MIN007_DK01_to_DB01_to_FLZ03_FLZ_branch,flz_branch,DK01,DB01,True,FLZ branch for TA028_MIN007_DK01_to_DB01; attach_node=8533; parent_direction=ta_coverage.,8533;8026;7214;7213;6708;7231;6291;8127,MIN005;MAJ004;MAJ005;DK01;MIN003;MIN013;MAJ016;FLZ03,TN_minor;TN_major;TN_major;DK;TN_minor;TN_minor;TN_major;FLZ,MIN005;MAJ004;MAJ005;MIN003;MIN013;MAJ016,FLZ03,8,7,6,1,,0,10.867940202194536,4837.342365762836,100.0,0.0,,,,,,,,,,,,,
TA029_MIN008_DK01_to_DB02_to_FLZ03_FLZ_branch,flz_branch,DK01,DB02,True,FLZ branch for TA029_MIN008_DK01_to_DB02; attach_node=8026; parent_direction=ta_coverage.,8026;7214;7213;6708;7231;6291;8127,MAJ004;MAJ005;DK01;MIN003;MIN013;MAJ016;FLZ03,TN_major;TN_major;DK;TN_minor;TN_minor;TN_major;FLZ,MAJ004;MAJ005;MIN003;MIN013;MAJ016,FLZ03,7,6,5,1,,0,10.109604179003213,4568.0841254061115,100.0,0.0,,,,,,,,,,,,,
TA031_MIN010_DK04_to_DB01_to_FLZ04_FLZ_branch,flz_branch,DK04,DB01,True,FLZ branch for TA031_MIN010_DK04_to_DB01; attach_node=3058; parent_direction=ta_coverage.,3058;2956;4103;2711;2811;3008;4805,MAJ015;DB01;MIN006;DB02;MAJ018;MIN008;FLZ04,TN_major;DB;TN_minor;DB;TN_major;TN_minor;FLZ,MAJ015;MIN006;MAJ018;MIN008,FLZ04,7,6,4,1,,0,11.334015186840048,4979.604768700369,100.0,0.0,,,,,,,,,,,,,
TA032_MIN011_DK04_to_DB01_to_FLZ04_FLZ_branch,flz_branch,DK04,DB01,True,FLZ branch for TA032_MIN011_DK04_to_DB01; attach_node=3865; parent_direction=ta_coverage.,3865;1555;1955;4805,MIN011;MIN020;MIN022;FLZ04,TN_minor;TN_minor;TN_minor;FLZ,MIN011;MIN020;MIN022,FLZ04,4,3,3,1,,0,10.039057706638365,3384.2765753133954,100.0,0.0,,,,,,,,,,,,,
TA033_MIN012_DK01_to_DB01_to_FLZ03_FLZ_branch,flz_branch,DK01,DB01,True,FLZ branch for TA033_MIN012_DK01_to_DB01; attach_node=7214; parent_direction=ta_coverage.,7214;7213;8026;6708;8533;8722;8719;8413;9104;9105;8127,MAJ005;DK01;MAJ004;MIN003;MIN005;MAJ007;DK06;MAJ006;DK05;MAJ013;FLZ03,TN_major;DK;TN_major;TN_minor;TN_minor;TN_major;DK;TN_major;DK;TN_major;FLZ,MAJ005;MAJ004;MIN003;MIN005;MAJ007;MAJ006;MAJ013,FLZ03,11,10,7,1,MAJ007;MAJ013,2,14.371052799897075,5803.076143760363,97.53916592266384,0.0,,,,,,,,,,,,,
TA034_MIN013_DK01_to_DB02_to_FLZ04_FLZ_branch,flz_branch,DK01,DB02,True,FLZ branch for TA034_MIN013_DK01_to_DB02; attach_node=5615; parent_direction=ta_coverage.,5615;8425;6728;3204;3996;2711;2811;4805,MAJ010;MAJ008;MAJ017;MAJ012;MAJ022;DB02;MAJ018;FLZ04,TN_major;TN_major;TN_major;TN_major;TN_major;DB;TN_major;FLZ,MAJ010;MAJ008;MAJ017;MAJ012;MAJ022;MAJ018,FLZ04,8,7,6,1,,0,13.205611701723079,8959.960525181963,141.4213562373095,0.0,,,,,,,,,,,,,
TA035_MIN014_DK01_to_DB02_to_FLZ01_FLZ_branch,flz_branch,DK01,DB02,True,FLZ branch for TA035_MIN014_DK01_to_DB02; attach_node=3204; parent_direction=ta_coverage.,3204;3996;2711;2811;4805;3406,MAJ012;MAJ022;DB02;MAJ018;FLZ04;FLZ01,TN_major;TN_major;DB;TN_major;FLZ;FLZ,MAJ012;MAJ022;MAJ018,FLZ04;FLZ01,6,5,3,2,,0,16.332547286696197,5174.708946281717,141.4213562373095,0.0,,,,,,,,,,,,,
TA036_MIN015_DK03_to_DB02_to_FLZ04_FLZ_branch,flz_branch,DK03,DB02,True,FLZ branch for TA036_MIN015_DK03_to_DB02; attach_node=5615; parent_direction=ta_coverage.,5615;2711;2811;4805,MAJ010;DB02;MAJ018;FLZ04,TN_major;DB;TN_major;FLZ,MAJ010;MAJ018,FLZ04,4,3,2,1,,0,7.182588685409286,3625.2515967119916,141.4213562373095,0.0,,,,,,,,,,,,,
TA037_MIN018_DK01_to_DB01_to_FLZ03_FLZ_branch,flz_branch,DK01,DB01,True,FLZ branch for TA037_MIN018_DK01_to_DB01; attach_node=8026; parent_direction=ta_coverage.,8026;7214;7213;6708;8943;7208;5693;6291;8127,MAJ004;MAJ005;DK01;MIN003;MAJ009;MIN012;MIN007;MAJ016;FLZ03,TN_major;TN_major;DK;TN_minor;TN_major;TN_minor;TN_minor;TN_major;FLZ,MAJ004;MAJ005;MIN003;MAJ009;MIN012;MIN007;MAJ016,FLZ03,9,8,7,1,MAJ009,1,13.784905409627456,5785.640875867803,100.0,0.0,,,,,,,,,,,,,
TA038_MIN016_DK04_to_DB01_to_FLZ04_FLZ_branch,flz_branch,DK04,DB01,True,FLZ branch for TA038_MIN016_DK04_to_DB01; attach_node=3058; parent_direction=ta_coverage.,3058;2956;4494;4479;3008;3615;4805,MAJ015;DB01;MAJ003;MAJ011;MIN008;MIN014;FLZ04,TN_major;DB;TN_major;TN_major;TN_minor;TN_minor;FLZ,MAJ015;MAJ003;MAJ011;MIN008;MIN014,FLZ04,7,6,5,1,,0,13.38370610532549,6075.126094856223,100.0,0.0,,,,,,,,,,,,,
TA041_MIN020_DK04_to_DB01_to_FLZ04_FLZ_branch,flz_branch,DK04,DB01,True,FLZ branch for TA041_MIN020_DK04_to_DB01; attach_node=3865; parent_direction=ta_coverage.,3865;4103;3204;3008;3615;4805,MIN011;MIN006;MAJ012;MIN008;MIN014;FLZ04,TN_minor;TN_minor;TN_major;TN_minor;TN_minor;FLZ,MIN011;MIN006;MAJ012;MIN008;MIN014,FLZ04,6,5,5,1,,0,11.726112019338846,4348.8191412315955,111.80339887498948,0.0,,,,,,,,,,,,,
TA043_MIN022_DK04_to_DB01_to_FLZ04_FLZ_branch,flz_branch,DK04,DB01,True,FLZ branch for TA043_MIN022_DK04_to_DB01; attach_node=3865; parent_direction=ta_coverage.,3865;4103;3204;3008;3615;4805,MIN011;MIN006;MAJ012;MIN008;MIN014;FLZ04,TN_minor;TN_minor;TN_major;TN_minor;TN_minor;FLZ,MIN011;MIN006;MAJ012;MIN008;MIN014,FLZ04,6,5,5,1,,0,11.726112019338846,4348.8191412315955,111.80339887498948,0.0,,,,,,,,,,,,,
